split,baseline,seed,scheme,n_rows,n_drugs,n_cells,n_scaffolds,delta,se,lo,hi,p,significant
random,drpreter,0,rows,15046,123,696,113,0.0034131338525856814,0.0006679151441377466,0.0021927867334700867,0.004769071035336683,0.001,True
random,drpreter,0,drug,15046,123,696,113,0.0034131338525856814,0.0011475753381279463,0.0016618985470155973,0.006150667032245069,0.001,True
random,drpreter,0,cell,15046,123,696,113,0.0034131338525856814,0.000692834085165744,0.002056295645674494,0.004803528106047849,0.001,True
random,drpreter,0,scaffold,15046,123,696,113,0.0034131338525856814,0.00126486765223502,0.0014705839929291392,0.006359554471957258,0.001,True
random,drpreter,0,twoway,15046,123,696,113,0.0034131338525856814,0.0011622553878035484,0.0011351132924907266,0.0056911544126806365,0.0033178148173724476,True
random,drpreter,1,rows,15046,126,696,116,0.00557951159001413,0.0008389885431110283,0.003938886883927748,0.007265911655432286,0.001,True
random,drpreter,1,drug,15046,126,696,116,0.00557951159001413,0.0017928101032880213,0.002834765027984032,0.00982119379639148,0.001,True
random,drpreter,1,cell,15046,126,696,116,0.00557951159001413,0.0009580280799841846,0.0037537338278200356,0.007465307424609634,0.001,True
random,drpreter,1,scaffold,15046,126,696,116,0.00557951159001413,0.00197020163948296,0.0026271625960343297,0.010134037913633232,0.001,True
random,drpreter,1,twoway,15046,126,696,116,0.00557951159001413,0.001851508599228808,0.0019505547355256666,0.009208468444502594,0.0025825744212367337,True
random,drpreter,2,rows,15046,125,696,115,0.0033704148851282367,0.0008658762651114429,0.0016948748081556358,0.00501758786996184,0.001,True
random,drpreter,2,drug,15046,125,696,115,0.0033704148851282367,0.0014153476422932233,0.0009769920924531579,0.006706509490128004,0.003,True
random,drpreter,2,cell,15046,125,696,115,0.0033704148851282367,0.0009243321877180747,0.0015487083366854753,0.005135043306017015,0.001,True
random,drpreter,2,scaffold,15046,125,696,115,0.0033704148851282367,0.0015274476047810732,0.0008842736479137747,0.00704027103077776,0.006,True
random,drpreter,2,twoway,15046,125,696,115,0.0033704148851282367,0.0014518461472598694,0.0005247964364988927,0.006216033333757581,0.020261580161236442,True
random,drpreter,3,rows,15046,125,696,115,0.006346961851059207,0.0007676294511623551,0.004889251392547459,0.007926337345955242,0.001,True
random,drpreter,3,drug,15046,125,696,115,0.006346961851059207,0.001616777780860964,0.003969503347412659,0.010148725871681885,0.001,True
random,drpreter,3,cell,15046,125,696,115,0.006346961851059207,0.0007960164727766482,0.004802099907714408,0.007897522237877737,0.001,True
random,drpreter,3,scaffold,15046,125,696,115,0.006346961851059207,0.0018571374377359927,0.0035685845062677526,0.010857481043639658,0.001,True
random,drpreter,3,twoway,15046,125,696,115,0.006346961851059207,0.0016304470685445944,0.0031512855967118026,0.009542638105406613,9.910449456387995e-05,True
random,drpreter,4,rows,15046,126,696,116,0.005039652989864862,0.0008375237431347551,0.0034381095927779964,0.006646700115399638,0.001,True
random,drpreter,4,drug,15046,126,696,116,0.005039652989864862,0.0017893769562530232,0.002112546320141595,0.009034180581541231,0.001,True
random,drpreter,4,cell,15046,126,696,116,0.005039652989864862,0.0009599253013522318,0.003135518786501837,0.006857720793379065,0.001,True
random,drpreter,4,scaffold,15046,126,696,116,0.005039652989864862,0.002034124601787907,0.0017580556176953976,0.009798472313667119,0.001,True
random,drpreter,4,twoway,15046,126,696,116,0.005039652989864862,0.001849832547943477,0.0014139811958956473,0.008665324783834078,0.006442168341447088,True
random,graphdrp,0,rows,15046,123,696,113,-0.006446990432503075,0.0007124806413003615,-0.007856346303140069,-0.005073779925155623,0.001,True
random,graphdrp,0,drug,15046,123,696,113,-0.006446990432503075,0.0015620287870671285,-0.009924113411586064,-0.0040386566286283775,0.001,True
random,graphdrp,0,cell,15046,123,696,113,-0.006446990432503075,0.0007950175553629107,-0.0080427820499858,-0.005006667424161202,0.001,True
random,graphdrp,0,scaffold,15046,123,696,113,-0.006446990432503075,0.0016644994069046721,-0.010588931889867217,-0.00393391897964135,0.001,True
random,graphdrp,0,twoway,15046,123,696,113,-0.006446990432503075,0.0016013613523292764,-0.009585658683068456,-0.003308322181937693,5.6747298803573055e-05,True
random,graphdrp,1,rows,15046,126,696,116,-0.00612417241331531,0.0007946234394954964,-0.007688813915070541,-0.004588891652855238,0.001,True
random,graphdrp,1,drug,15046,126,696,116,-0.00612417241331531,0.001357544807383982,-0.009396606004399417,-0.00399700094447695,0.001,True
random,graphdrp,1,cell,15046,126,696,116,-0.00612417241331531,0.0008902888880478119,-0.007871403197979876,-0.004373383178631219,0.001,True
random,graphdrp,1,scaffold,15046,126,696,116,-0.00612417241331531,0.0014272649549623615,-0.0095321113489582,-0.003945255537351503,0.001,True
random,graphdrp,1,twoway,15046,126,696,116,-0.00612417241331531,0.0014156679687133454,-0.008898881631993467,-0.0033494631946371528,1.5184493516482549e-05,True
random,graphdrp,2,rows,15046,125,696,115,-0.006627885737544248,0.0007972945361855673,-0.008139034887771356,-0.004991738694558893,0.001,True
random,graphdrp,2,drug,15046,125,696,115,-0.006627885737544248,0.0015461943129376026,-0.010209071569924691,-0.004182825578252397,0.001,True
random,graphdrp,2,cell,15046,125,696,115,-0.006627885737544248,0.0009230180480680841,-0.00840585885592578,-0.004913920861016167,0.001,True
random,graphdrp,2,scaffold,15046,125,696,115,-0.006627885737544248,0.001617242160026856,-0.01038413925661657,-0.0040209889628289456,0.001,True
random,graphdrp,2,twoway,15046,125,696,115,-0.006627885737544248,0.0016146208821233056,-0.009792542666505926,-0.003463228808582569,4.044589549113217e-05,True
random,graphdrp,3,rows,15046,125,696,115,-0.005354009953563943,0.0006898357209183789,-0.006695176877707496,-0.003984686885401796,0.001,True
random,graphdrp,3,drug,15046,125,696,115,-0.005354009953563943,0.0012504524662333427,-0.008247891833763019,-0.0034695103477577747,0.001,True
random,graphdrp,3,cell,15046,125,696,115,-0.005354009953563943,0.000732223312040987,-0.0067864984222536315,-0.003975511774783775,0.001,True
random,graphdrp,3,scaffold,15046,125,696,115,-0.005354009953563943,0.0012571715479697525,-0.00832320024730937,-0.003374138426328791,0.001,True
random,graphdrp,3,twoway,15046,125,696,115,-0.005354009953563943,0.0012743268917943865,-0.007851690661480941,-0.0028563292456469454,2.6522072550250094e-05,True
random,graphdrp,4,rows,15046,126,696,116,-0.007492650477861074,0.0007429863761543855,-0.008984746130755908,-0.006035035328321174,0.001,True
random,graphdrp,4,drug,15046,126,696,116,-0.007492650477861074,0.0013994368058869724,-0.010682602005566574,-0.005284343404626695,0.001,True
random,graphdrp,4,cell,15046,126,696,116,-0.007492650477861074,0.000805378034957461,-0.009077052241037109,-0.005881899311811573,0.001,True
random,graphdrp,4,scaffold,15046,126,696,116,-0.007492650477861074,0.0015276103848422048,-0.011118918091607467,-0.005091532004529746,0.001,True
random,graphdrp,4,twoway,15046,126,696,116,-0.007492650477861074,0.0014335370234884227,-0.010302383043898381,-0.004682917911823766,1.7257352284957654e-07,True
random,cdrscan,0,rows,15046,123,696,113,-0.0031127960934513865,0.0006249846088355528,-0.004332572985782915,-0.0018926430852692023,0.001,True
random,cdrscan,0,drug,15046,123,696,113,-0.0031127960934513865,0.0008519867855104739,-0.004851647310278951,-0.0015888837704951559,0.001,True
random,cdrscan,0,cell,15046,123,696,113,-0.0031127960934513865,0.000609680407259579,-0.004356917413420478,-0.001963872292903716,0.001,True
random,cdrscan,0,scaffold,15046,123,696,113,-0.0031127960934513865,0.0008671354329176338,-0.0050425591506900345,-0.0015886743683862878,0.001,True
random,cdrscan,0,twoway,15046,123,696,113,-0.0031127960934513865,0.0008408245479286076,-0.004760812207391458,-0.0014647799795113156,0.00021384282324493818,True
random,cdrscan,1,rows,15046,126,696,116,-0.0036628351051126717,0.0006983873734105749,-0.0049755905179776376,-0.00223267446444443,0.001,True
random,cdrscan,1,drug,15046,126,696,116,-0.0036628351051126717,0.0010960864991198642,-0.006088924873159757,-0.0017036548776596912,0.001,True
random,cdrscan,1,cell,15046,126,696,116,-0.0036628351051126717,0.0007731166949325516,-0.005142084866835475,-0.002142648156940674,0.001,True
random,cdrscan,1,scaffold,15046,126,696,116,-0.0036628351051126717,0.0011675669036636338,-0.006374228446180014,-0.0016737304460878435,0.001,True
random,cdrscan,1,twoway,15046,126,696,116,-0.0036628351051126717,0.001145150694972915,-0.005907330467259586,-0.0014183397429657582,0.0013811499512654277,True
random,cdrscan,2,rows,15046,125,696,115,-0.003723609022792229,0.0007812676414105236,-0.005220488922058309,-0.0022746429569398268,0.001,True
random,cdrscan,2,drug,15046,125,696,115,-0.003723609022792229,0.0013743705665405545,-0.006645843328387418,-0.0013443376595711162,0.001,True
random,cdrscan,2,cell,15046,125,696,115,-0.003723609022792229,0.000825973463336721,-0.005335742966210611,-0.0021553105878814208,0.001,True
random,cdrscan,2,scaffold,15046,125,696,115,-0.003723609022792229,0.0013713760465311293,-0.0066690789328667285,-0.001408105079483069,0.001,True
random,cdrscan,2,twoway,15046,125,696,115,-0.003723609022792229,0.0014002669348357477,-0.006468132215070295,-0.0009790858305141637,0.007832326511149231,True
random,cdrscan,3,rows,15046,125,696,115,-0.0007955788338386283,0.0006859029826704097,-0.0021147223436041194,0.0005246876444074063,0.256,False
random,cdrscan,3,drug,15046,125,696,115,-0.0007955788338386283,0.0007912684435551747,-0.0024730742540819417,0.0007196198595463055,0.303,False
random,cdrscan,3,cell,15046,125,696,115,-0.0007955788338386283,0.0007369798769593442,-0.002213373828893522,0.0007201379166555968,0.282,False
random,cdrscan,3,scaffold,15046,125,696,115,-0.0007955788338386283,0.0007026815394734538,-0.002185446519130613,0.0005854312306869447,0.243,False
random,cdrscan,3,twoway,15046,125,696,115,-0.0007955788338386283,0.0008359319273559747,-0.002434005411456339,0.0008428477437790822,0.34123554452073135,False
random,cdrscan,4,rows,15046,126,696,116,-0.0030204650317964266,0.0007045857533254919,-0.004368009056269986,-0.001579075956670892,0.001,True
random,cdrscan,4,drug,15046,126,696,116,-0.0030204650317964266,0.001064274513178503,-0.005239213110199839,-0.001076888120090443,0.003,True
random,cdrscan,4,cell,15046,126,696,116,-0.0030204650317964266,0.0007859144574800982,-0.004585411546153178,-0.0014980062482541664,0.001,True
random,cdrscan,4,scaffold,15046,126,696,116,-0.0030204650317964266,0.001039267982258281,-0.00526696307973584,-0.0012505902111988741,0.001,True
random,cdrscan,4,twoway,15046,126,696,116,-0.0030204650317964266,0.001119777071603239,-0.005215228092138775,-0.0008257019714540785,0.006988732697477805,True
cell_blind,drpreter,0,rows,15052,247,139,222,-0.007056701123747011,0.001449831240236676,-0.010042774097544116,-0.004383468662334578,0.001,True
cell_blind,drpreter,0,drug,15052,247,139,222,-0.007056701123747011,0.0022399869822980313,-0.011867816377130882,-0.0029788054386353157,0.001,True
cell_blind,drpreter,0,cell,15052,247,139,222,-0.007056701123747011,0.0045713633891688865,-0.016645099304576673,0.0016755603351236166,0.122,False
cell_blind,drpreter,0,scaffold,15052,247,139,222,-0.007056701123747011,0.002442297940505758,-0.012185643111084735,-0.002533015015728371,0.001,True
cell_blind,drpreter,0,twoway,15052,247,139,222,-0.007056701123747011,0.00487984572415277,-0.01662119874308644,0.0025077964955924174,0.14815167164152632,False
cell_blind,drpreter,1,rows,15052,247,139,222,-0.006747054146628129,0.0010179178950603814,-0.008700920767333226,-0.004733593512504809,0.001,True
cell_blind,drpreter,1,drug,15052,247,139,222,-0.006747054146628129,0.0015605728393427892,-0.010153273869539783,-0.003964036952986076,0.001,True
cell_blind,drpreter,1,cell,15052,247,139,222,-0.006747054146628129,0.003969924840982965,-0.014647674936751082,0.0011272949496616115,0.089,False
cell_blind,drpreter,1,scaffold,15052,247,139,222,-0.006747054146628129,0.0014729406669505747,-0.010025769431362925,-0.0040999528431378916,0.001,True
cell_blind,drpreter,1,twoway,15052,247,139,222,-0.006747054146628129,0.004142406786985541,-0.01486617144911979,0.001372063155863532,0.10336037608599714,False
cell_blind,drpreter,2,rows,15052,247,139,222,0.002681140372540969,0.0009931649369900489,0.0008263409856072934,0.004613886666909242,0.004,True
cell_blind,drpreter,2,drug,15052,247,139,222,0.002681140372540969,0.001671446433179035,-0.0004956171904850482,0.0060113687855343585,0.107,False
cell_blind,drpreter,2,cell,15052,247,139,222,0.002681140372540969,0.0034863552854688448,-0.00462582787900617,0.009262761878037347,0.443,False
cell_blind,drpreter,2,scaffold,15052,247,139,222,0.002681140372540969,0.0016993715314120156,-0.0008866602115012362,0.0059145789779403045,0.144,False
cell_blind,drpreter,2,twoway,15052,247,139,222,0.002681140372540969,0.0037365799554454904,-0.004642556340132192,0.01000483708521413,0.4730418241690307,False
cell_blind,drpreter,3,rows,15052,247,139,222,0.012782533549369868,0.0013506670593731909,0.01012086064744495,0.015459327996851534,0.001,True
cell_blind,drpreter,3,drug,15052,247,139,222,0.012782533549369868,0.002104610258507933,0.008821271458576715,0.01713948353757264,0.001,True
cell_blind,drpreter,3,cell,15052,247,139,222,0.012782533549369868,0.005353022452154193,0.0026797339111598456,0.0232427867389832,0.014,True
cell_blind,drpreter,3,scaffold,15052,247,139,222,0.012782533549369868,0.0019586248465971426,0.009450079858785765,0.017082264174203308,0.001,True
cell_blind,drpreter,3,twoway,15052,247,139,222,0.012782533549369868,0.0055910582368821635,0.0018240594050808277,0.02374100769365891,0.02223988129484625,True
cell_blind,drpreter,4,rows,15052,247,139,222,-0.0016564602298777542,0.0009782457665926188,-0.003531110785991551,0.00017405355611412683,0.079,False
cell_blind,drpreter,4,drug,15052,247,139,222,-0.0016564602298777542,0.0017488142452854732,-0.00497174555945829,0.0016911136127642182,0.359,False
cell_blind,drpreter,4,cell,15052,247,139,222,-0.0016564602298777542,0.003466670924393561,-0.008099103056835862,0.005439099829894979,0.624,False
cell_blind,drpreter,4,scaffold,15052,247,139,222,-0.0016564602298777542,0.0014229081876826338,-0.004413063648140697,0.0011476199374154332,0.259,False
cell_blind,drpreter,4,twoway,15052,247,139,222,-0.0016564602298777542,0.0037575515675360633,-0.009021261302248437,0.00570834084249293,0.6593324561862759,False
cell_blind,graphdrp,0,rows,15052,247,139,222,-0.0215802221381588,0.0015939516118258883,-0.02463396544316626,-0.0183996730615831,0.001,True
cell_blind,graphdrp,0,drug,15052,247,139,222,-0.0215802221381588,0.0035537825261398675,-0.029629351589115966,-0.01581802392601789,0.001,True
cell_blind,graphdrp,0,cell,15052,247,139,222,-0.0215802221381588,0.005049807159307157,-0.03176175035818432,-0.012028380343537435,0.001,True
cell_blind,graphdrp,0,scaffold,15052,247,139,222,-0.0215802221381588,0.0038221885713757967,-0.02984892455213497,-0.015297059023387485,0.001,True
cell_blind,graphdrp,0,twoway,15052,247,139,222,-0.0215802221381588,0.005965671868988817,-0.03327293900137688,-0.009887505274940719,0.00029757710352727084,True
cell_blind,graphdrp,1,rows,15052,247,139,222,-0.021863786465989188,0.0013385965639222536,-0.02445004525293059,-0.019298462455842713,0.001,True
cell_blind,graphdrp,1,drug,15052,247,139,222,-0.021863786465989188,0.002946411522259318,-0.02831537038050282,-0.016696297657502742,0.001,True
cell_blind,graphdrp,1,cell,15052,247,139,222,-0.021863786465989188,0.00423486549683096,-0.030134868006115815,-0.013610803964612502,0.001,True
cell_blind,graphdrp,1,scaffold,15052,247,139,222,-0.021863786465989188,0.0031440965670358418,-0.029258950545952407,-0.01673366983449518,0.001,True
cell_blind,graphdrp,1,twoway,15052,247,139,222,-0.021863786465989188,0.00498232735514311,-0.03162914808206968,-0.012098424849908692,1.1425705844409097e-05,True
cell_blind,graphdrp,2,rows,15052,247,139,222,-0.021334078456141325,0.0014376766879786403,-0.024137843070468616,-0.018453490284216806,0.001,True
cell_blind,graphdrp,2,drug,15052,247,139,222,-0.021334078456141325,0.0035916291703238863,-0.029633925431183455,-0.015473166464972151,0.001,True
cell_blind,graphdrp,2,cell,15052,247,139,222,-0.021334078456141325,0.004350126181805012,-0.030037849110743538,-0.012940509332938553,0.001,True
cell_blind,graphdrp,2,scaffold,15052,247,139,222,-0.021334078456141325,0.003825391308884914,-0.029891178908508127,-0.01525976287109596,0.001,True
cell_blind,graphdrp,2,twoway,15052,247,139,222,-0.021334078456141325,0.0054549503788384425,-0.03202578119866467,-0.010642375713617978,9.193099389426447e-05,True
cell_blind,graphdrp,3,rows,15052,247,139,222,-0.01475569938386434,0.0013117872056779161,-0.01731692658947747,-0.01217988681137319,0.001,True
cell_blind,graphdrp,3,drug,15052,247,139,222,-0.01475569938386434,0.0024315415772289454,-0.020061958529474906,-0.010691351565513929,0.001,True
cell_blind,graphdrp,3,cell,15052,247,139,222,-0.01475569938386434,0.004459430293597119,-0.02380967164869474,-0.006339022998598041,0.001,True
cell_blind,graphdrp,3,scaffold,15052,247,139,222,-0.01475569938386434,0.0025282406771030847,-0.020564615102790507,-0.010751688874926132,0.001,True
cell_blind,graphdrp,3,twoway,15052,247,139,222,-0.01475569938386434,0.004906946842208956,-0.024373315194593896,-0.005138083573134786,0.002637495289384114,True
cell_blind,graphdrp,4,rows,15052,247,139,222,-0.02254347700686732,0.001280555952688414,-0.025017030674775086,-0.020016998548972608,0.001,True
cell_blind,graphdrp,4,drug,15052,247,139,222,-0.02254347700686732,0.0030109262145125316,-0.029062506627373162,-0.01727782582657625,0.001,True
cell_blind,graphdrp,4,cell,15052,247,139,222,-0.02254347700686732,0.003980585129690996,-0.030276697133028337,-0.014740310486644105,0.001,True
cell_blind,graphdrp,4,scaffold,15052,247,139,222,-0.02254347700686732,0.0033083262141374078,-0.02979937106842847,-0.016842736552009626,0.001,True
cell_blind,graphdrp,4,twoway,15052,247,139,222,-0.02254347700686732,0.004823993272796938,-0.03199850382154932,-0.01308845019218532,2.9654524181957788e-06,True
cell_blind,cdrscan,0,rows,15052,247,139,222,-0.027176439845512212,0.0017647802016344401,-0.030617756500832,-0.023686891522229463,0.001,True
cell_blind,cdrscan,0,drug,15052,247,139,222,-0.027176439845512212,0.004395206639671327,-0.03715965274725512,-0.019953212531413644,0.001,True
cell_blind,cdrscan,0,cell,15052,247,139,222,-0.027176439845512212,0.005676365819482924,-0.03885324311805682,-0.016776937914401387,0.001,True
cell_blind,cdrscan,0,scaffold,15052,247,139,222,-0.027176439845512212,0.0046566725575393686,-0.03768470605045239,-0.019655849775785068,0.001,True
cell_blind,cdrscan,0,twoway,15052,247,139,222,-0.027176439845512212,0.006958772963815105,-0.04081563485458982,-0.013537244836434606,9.408933848513075e-05,True
cell_blind,cdrscan,1,rows,15052,247,139,222,-0.029033401207371745,0.0016119603761769157,-0.032147640434020616,-0.02590495653002357,0.001,True
cell_blind,cdrscan,1,drug,15052,247,139,222,-0.029033401207371745,0.0038833040726625706,-0.037553077493768044,-0.022543588599194298,0.001,True
cell_blind,cdrscan,1,cell,15052,247,139,222,-0.029033401207371745,0.005215779774540256,-0.039148259131948596,-0.018793803129618602,0.001,True
cell_blind,cdrscan,1,scaffold,15052,247,139,222,-0.029033401207371745,0.0042039365445514015,-0.03878198064725205,-0.022594180230167165,0.001,True
cell_blind,cdrscan,1,twoway,15052,247,139,222,-0.029033401207371745,0.006299681969980428,-0.041380777868533385,-0.016686024546210106,4.051768857321668e-06,True
cell_blind,cdrscan,2,rows,15052,247,139,222,-0.02518857772606853,0.0013460329868446297,-0.027740581388952624,-0.02242602321985387,0.001,True
cell_blind,cdrscan,2,drug,15052,247,139,222,-0.02518857772606853,0.003911292860035327,-0.033885136612004825,-0.018962602969049967,0.001,True
cell_blind,cdrscan,2,cell,15052,247,139,222,-0.02518857772606853,0.004684336239445355,-0.03492035557636132,-0.01649448566363628,0.001,True
cell_blind,cdrscan,2,scaffold,15052,247,139,222,-0.02518857772606853,0.004151042945812927,-0.03457104441663273,-0.0186513209821097,0.001,True
cell_blind,cdrscan,2,twoway,15052,247,139,222,-0.02518857772606853,0.005952261170300788,-0.036855009619858076,-0.013522145832278985,2.3186334496933608e-05,True
cell_blind,cdrscan,3,rows,15052,247,139,222,-0.024266326254833825,0.001588334925392913,-0.027359364092802894,-0.0211685092611021,0.001,True
cell_blind,cdrscan,3,drug,15052,247,139,222,-0.024266326254833825,0.003372444126971511,-0.03152035174403987,-0.018476090570193338,0.001,True
cell_blind,cdrscan,3,cell,15052,247,139,222,-0.024266326254833825,0.0052485523990463,-0.03451134390035497,-0.013948415906408159,0.001,True
cell_blind,cdrscan,3,scaffold,15052,247,139,222,-0.024266326254833825,0.0035751694270071393,-0.032192222470264716,-0.018234442396599056,0.001,True
cell_blind,cdrscan,3,twoway,15052,247,139,222,-0.024266326254833825,0.006033065045220083,-0.03609113374346519,-0.012441518766202463,5.7651708599039363e-05,True
cell_blind,cdrscan,4,rows,15052,247,139,222,-0.027262651634567092,0.0015329827117910684,-0.030349984374575503,-0.024363615134257638,0.001,True
cell_blind,cdrscan,4,drug,15052,247,139,222,-0.027262651634567092,0.0038487514356720267,-0.03576004973300387,-0.020939549610735974,0.001,True
cell_blind,cdrscan,4,cell,15052,247,139,222,-0.027262651634567092,0.004908358899652835,-0.036739543152157515,-0.017380633129184215,0.001,True
cell_blind,cdrscan,4,scaffold,15052,247,139,222,-0.027262651634567092,0.003931945802342893,-0.036313881493712244,-0.020899295200802716,0.001,True
cell_blind,cdrscan,4,twoway,15052,247,139,222,-0.027262651634567092,0.006046059767049808,-0.039112928777984717,-0.01541237449114947,6.5084771387294244e-06,True
drug_blind,drpreter,0,rows,15032,49,697,48,-0.0821213079399663,0.008460266438985438,-0.09856630515758584,-0.06539434547982231,0.001,True
drug_blind,drpreter,0,drug,15032,49,697,48,-0.0821213079399663,0.12897907081240745,-0.3377810919022961,0.14926884076256614,0.591,False
drug_blind,drpreter,0,cell,15032,49,697,48,-0.0821213079399663,0.006859252797795641,-0.09598154409690715,-0.06892967612937824,0.001,True
drug_blind,drpreter,0,scaffold,15032,49,697,48,-0.0821213079399663,0.13126884277261422,-0.36202072392807716,0.1394720323233321,0.595,False
drug_blind,drpreter,0,twoway,15032,49,697,48,-0.0821213079399663,0.12888395535658215,-0.3347338604388673,0.17049124455893472,0.5240125090094984,False
drug_blind,drpreter,1,rows,15032,49,696,48,0.04999260403772676,0.005475815247344989,0.03903810249523895,0.060574786128861545,0.001,True
drug_blind,drpreter,1,drug,15032,49,696,48,0.04999260403772676,0.08079319781865206,-0.09954416270650034,0.21751446476605996,0.543,False
drug_blind,drpreter,1,cell,15032,49,696,48,0.04999260403772676,0.004668618247750919,0.040684930409239484,0.059053739771752656,0.001,True
drug_blind,drpreter,1,scaffold,15032,49,696,48,0.04999260403772676,0.07288065792236505,-0.08933008840494545,0.20710825386453893,0.516,False
drug_blind,drpreter,1,twoway,15032,49,696,48,0.04999260403772676,0.08074250589054083,-0.10826270750773326,0.20824791558318678,0.5358103555181205,False
drug_blind,drpreter,2,rows,15032,49,697,48,-0.15256862312983216,0.00975529197044629,-0.1709043479413342,-0.1331113456302557,0.001,True
drug_blind,drpreter,2,drug,15032,49,697,48,-0.15256862312983216,0.15609288970545604,-0.47312855241323104,0.13727944461439598,0.32,False
drug_blind,drpreter,2,cell,15032,49,697,48,-0.15256862312983216,0.008675425766925584,-0.17005198412249506,-0.1361909118141598,0.001,True
drug_blind,drpreter,2,scaffold,15032,49,697,48,-0.15256862312983216,0.14689655208688956,-0.4563433597993913,0.10748313574248382,0.299,False
drug_blind,drpreter,2,twoway,15032,49,697,48,-0.15256862312983216,0.15602912390771298,-0.4583857059889496,0.1532484597292853,0.32816264353691516,False
drug_blind,drpreter,3,rows,15032,49,697,48,-0.11644911551527748,0.0048244843876993565,-0.1257092387271445,-0.10741135627410239,0.001,True
drug_blind,drpreter,3,drug,15032,49,697,48,-0.11644911551527748,0.07389914865746655,-0.2827708726164219,0.001227833269853483,0.053,False
drug_blind,drpreter,3,cell,15032,49,697,48,-0.11644911551527748,0.003938057960082617,-0.12426264207058614,-0.10877278393543528,0.001,True
drug_blind,drpreter,3,scaffold,15032,49,697,48,-0.11644911551527748,0.07183834904985109,-0.28881345784353984,-0.002038500152822825,0.044,True
drug_blind,drpreter,3,twoway,15032,49,697,48,-0.11644911551527748,0.07384657624553867,-0.2611884049565333,0.028290173925978324,0.11481713596291553,False
drug_blind,drpreter,4,rows,15032,49,697,48,-0.018085729329758382,0.006071908437119519,-0.03037922354796107,-0.006321455566541673,0.002,True
drug_blind,drpreter,4,drug,15032,49,697,48,-0.018085729329758382,0.08267257020954706,-0.17894197504032544,0.15538917152104303,0.869,False
drug_blind,drpreter,4,cell,15032,49,697,48,-0.018085729329758382,0.005371070206432052,-0.027995270579777732,-0.007036920920735851,0.001,True
drug_blind,drpreter,4,scaffold,15032,49,697,48,-0.018085729329758382,0.07344855082944371,-0.16204113397708195,0.13193433901269389,0.844,False
drug_blind,drpreter,4,twoway,15032,49,697,48,-0.018085729329758382,0.08262405332677734,-0.18002887385024197,0.1438574151907252,0.8267343193992385,False
drug_blind,graphdrp,0,rows,15032,49,697,48,-0.10869007504058226,0.005714624401761539,-0.12031899358792823,-0.09776608560867946,0.001,True
drug_blind,graphdrp,0,drug,15032,49,697,48,-0.10869007504058226,0.08245056787153533,-0.2835826304422208,0.03971138541975772,0.191,False
drug_blind,graphdrp,0,cell,15032,49,697,48,-0.10869007504058226,0.004908451839897764,-0.11826474160554101,-0.0991782729253883,0.001,True
drug_blind,graphdrp,0,scaffold,15032,49,697,48,-0.10869007504058226,0.08275229467921714,-0.2747515168042307,0.03987817309733717,0.191,False
drug_blind,graphdrp,0,twoway,15032,49,697,48,-0.10869007504058226,0.0823986171592099,-0.27019136467263366,0.05281121459146915,0.18714355686914175,False
drug_blind,graphdrp,1,rows,15032,49,696,48,0.0709275600319963,0.005274583696677777,0.06077049947679169,0.08129711504634454,0.001,True
drug_blind,graphdrp,1,drug,15032,49,696,48,0.0709275600319963,0.08015867290644217,-0.07282875866278918,0.24157314966099983,0.384,False
drug_blind,graphdrp,1,cell,15032,49,696,48,0.0709275600319963,0.0042489599252310585,0.06280430910342967,0.0789661568632757,0.001,True
drug_blind,graphdrp,1,scaffold,15032,49,696,48,0.0709275600319963,0.08033135134549024,-0.07534865303677311,0.2397692574131269,0.398,False
drug_blind,graphdrp,1,twoway,15032,49,696,48,0.0709275600319963,0.08009772324726182,-0.08606397753263687,0.22791909759662946,0.37588011342496375,False
drug_blind,graphdrp,2,rows,15032,49,697,48,-0.11160799090239665,0.006109624855548328,-0.12331607846565666,-0.09921442357632862,0.001,True
drug_blind,graphdrp,2,drug,15032,49,697,48,-0.11160799090239665,0.09469978674682583,-0.3288461095109987,0.030849286170158738,0.209,False
drug_blind,graphdrp,2,cell,15032,49,697,48,-0.11160799090239665,0.00492475775121461,-0.12180823617678359,-0.10197877919547381,0.001,True
drug_blind,graphdrp,2,scaffold,15032,49,697,48,-0.11160799090239665,0.0974609982587417,-0.33274630005222827,0.035244578588441565,0.221,False
drug_blind,graphdrp,2,twoway,15032,49,697,48,-0.11160799090239665,0.09463073144030382,-0.2970842245253921,0.07386824272059883,0.23823680593859445,False
drug_blind,graphdrp,3,rows,15032,49,697,48,-0.04892977054633829,0.0049543212018941666,-0.05856365978160249,-0.039015471987330255,0.001,True
drug_blind,graphdrp,3,drug,15032,49,697,48,-0.04892977054633829,0.072004627581782,-0.19577489785553945,0.086920677872957,0.511,False
drug_blind,graphdrp,3,cell,15032,49,697,48,-0.04892977054633829,0.004025734176702694,-0.05686345169398962,-0.041032505189996335,0.001,True
drug_blind,graphdrp,3,scaffold,15032,49,697,48,-0.04892977054633829,0.07160808856838168,-0.1910191883506329,0.08296473209912011,0.5,False
drug_blind,graphdrp,3,twoway,15032,49,697,48,-0.04892977054633829,0.0719466999262722,-0.1899453024018318,0.09208576130915522,0.4964515293768869,False
drug_blind,graphdrp,4,rows,15032,49,697,48,0.07312242360533106,0.005444646062995136,0.06272780798954641,0.08360034121947381,0.001,True
drug_blind,graphdrp,4,drug,15032,49,697,48,0.07312242360533106,0.08099596447003331,-0.07007273015216431,0.23956111381782777,0.401,False
drug_blind,graphdrp,4,cell,15032,49,697,48,0.07312242360533106,0.004410737019127517,0.0647869802029583,0.08214428858461158,0.001,True
drug_blind,graphdrp,4,scaffold,15032,49,697,48,0.07312242360533106,0.08133602952563812,-0.07222122224093078,0.23795069319919715,0.408,False
drug_blind,graphdrp,4,twoway,15032,49,697,48,0.07312242360533106,0.08093303831397602,-0.08550633149006195,0.23175117870072406,0.36626436713373656,False
drug_blind,cdrscan,0,rows,15032,49,697,48,-0.1789141272467334,0.005490814341887281,-0.19009027612096083,-0.16847921378861844,0.001,True
drug_blind,cdrscan,0,drug,15032,49,697,48,-0.1789141272467334,0.07401747465931544,-0.3207295255225166,-0.03774024546661458,0.004,True
drug_blind,cdrscan,0,cell,15032,49,697,48,-0.1789141272467334,0.0049146082912885705,-0.18812101236409742,-0.1694727285192159,0.001,True
drug_blind,cdrscan,0,scaffold,15032,49,697,48,-0.1789141272467334,0.07284860447245302,-0.3317338791589351,-0.04997513782467232,0.002,True
drug_blind,cdrscan,0,twoway,15032,49,697,48,-0.1789141272467334,0.07397696186963972,-0.3239089725112272,-0.03391928198223956,0.015584156289718161,True
drug_blind,cdrscan,1,rows,15032,49,696,48,-0.0381473529992693,0.0041164707322207785,-0.046094550521669296,-0.030539369866878427,0.001,True
drug_blind,cdrscan,1,drug,15032,49,696,48,-0.0381473529992693,0.05226607788044993,-0.14109684493510632,0.06126509999477864,0.491,False
drug_blind,cdrscan,1,cell,15032,49,696,48,-0.0381473529992693,0.0036937940842741235,-0.04550823299321433,-0.03120262536112663,0.001,True
drug_blind,cdrscan,1,scaffold,15032,49,696,48,-0.0381473529992693,0.05273467133581726,-0.14734609053444486,0.057565443417839396,0.46,False
drug_blind,cdrscan,1,twoway,15032,49,696,48,-0.0381473529992693,0.05223448746233704,-0.14052694842544988,0.06423224242691129,0.4652008988520491,False
drug_blind,cdrscan,2,rows,15032,49,697,48,-0.21193118017252172,0.006325274343137863,-0.22447156547507677,-0.19922356785475376,0.001,True
drug_blind,cdrscan,2,drug,15032,49,697,48,-0.21193118017252172,0.0987393468324277,-0.4169405726473432,-0.02620555878814888,0.022,True
drug_blind,cdrscan,2,cell,15032,49,697,48,-0.21193118017252172,0.005766775025602966,-0.22318390086013556,-0.2009883316460731,0.001,True
drug_blind,cdrscan,2,scaffold,15032,49,697,48,-0.21193118017252172,0.09866861810189508,-0.42007008275302504,-0.038006476938943684,0.011,True
drug_blind,cdrscan,2,twoway,15032,49,697,48,-0.21193118017252172,0.09870514278179436,-0.40539326002483866,-0.018469100320204768,0.03178421810767766,True
drug_blind,cdrscan,3,rows,15032,49,697,48,-0.10508539237193693,0.004604195515571053,-0.113441952493045,-0.09559092103820378,0.001,True
drug_blind,cdrscan,3,drug,15032,49,697,48,-0.10508539237193693,0.06241078053162051,-0.23627388858240878,0.00862900997060098,0.074,False
drug_blind,cdrscan,3,cell,15032,49,697,48,-0.10508539237193693,0.004024298661454895,-0.11277544743289768,-0.0971076344639667,0.001,True
drug_blind,cdrscan,3,scaffold,15032,49,697,48,-0.10508539237193693,0.06451020806467588,-0.23449677432739924,0.01382221688725312,0.085,False
drug_blind,cdrscan,3,twoway,15032,49,697,48,-0.10508539237193693,0.06237068133295551,-0.2273319277845297,0.01716114304065587,0.09201705145591027,False
drug_blind,cdrscan,4,rows,15032,49,697,48,-0.07226513300047466,0.003952294522497629,-0.08001682754664259,-0.06436763850033676,0.001,True
drug_blind,cdrscan,4,drug,15032,49,697,48,-0.07226513300047466,0.05102314056648213,-0.17923351459424766,0.020791947502450864,0.131,False
drug_blind,cdrscan,4,cell,15032,49,697,48,-0.07226513300047466,0.003661878587702553,-0.0795663598561403,-0.06502094415243041,0.001,True
drug_blind,cdrscan,4,scaffold,15032,49,697,48,-0.07226513300047466,0.04947150803386596,-0.17403541404481165,0.01997403273500913,0.132,False
drug_blind,cdrscan,4,twoway,15032,49,697,48,-0.07226513300047466,0.051001466607005566,-0.17222800755020556,0.02769774154925625,0.15650554476723474,False
scaffold_blind,drpreter,0,rows,15246,49,697,44,0.03130530544779048,0.00739501665312395,0.016906441173952083,0.04622411913882991,0.001,True
scaffold_blind,drpreter,0,drug,15246,49,697,44,0.03130530544779048,0.11294759186426391,-0.1638736435494656,0.2731095586033502,0.894,False
scaffold_blind,drpreter,0,cell,15246,49,697,44,0.03130530544779048,0.006430185912595199,0.019011355366625866,0.04470930513167651,0.001,True
scaffold_blind,drpreter,0,scaffold,15246,49,697,44,0.03130530544779048,0.11825982844821559,-0.1881991352206937,0.2665716911468326,0.818,False
scaffold_blind,drpreter,0,twoway,15246,49,697,44,0.03130530544779048,0.11288852699679845,-0.18995620746593447,0.2525668183615154,0.7815408028511388,False
scaffold_blind,drpreter,1,rows,14100,46,697,44,-0.03302673402512302,0.006793738216289326,-0.04603194213026522,-0.019686895576699538,0.001,True
scaffold_blind,drpreter,1,drug,14100,46,697,44,-0.03302673402512302,0.07713416397024417,-0.19962415659306085,0.10353711474222069,0.687,False
scaffold_blind,drpreter,1,cell,14100,46,697,44,-0.03302673402512302,0.007575496162057069,-0.04728610418254351,-0.018603633590832724,0.001,True
scaffold_blind,drpreter,1,scaffold,14100,46,697,44,-0.03302673402512302,0.07951795860932662,-0.19767811637043736,0.11101722707081561,0.706,False
scaffold_blind,drpreter,1,twoway,14100,46,697,44,-0.03302673402512302,0.07720694602520155,-0.18435234823451804,0.11829888018427201,0.6688193469962711,False
scaffold_blind,drpreter,2,rows,15925,51,696,44,0.05065868566750065,0.0031506266551122554,0.044524848871511154,0.05664829361517014,0.001,True
scaffold_blind,drpreter,2,drug,15925,51,696,44,0.05065868566750065,0.03172472293966454,-0.013544339847601835,0.11108805971607531,0.136,False
scaffold_blind,drpreter,2,cell,15925,51,696,44,0.05065868566750065,0.0031307742128645322,0.04485522889172432,0.056828218557007606,0.001,True
scaffold_blind,drpreter,2,scaffold,15925,51,696,44,0.05065868566750065,0.04341029385430584,-0.035583776832849606,0.13292032188644962,0.282,False
scaffold_blind,drpreter,2,twoway,15925,51,696,44,0.05065868566750065,0.03172275751649769,-0.01151791906483482,0.11283529039983611,0.11028368342917327,False
scaffold_blind,drpreter,3,rows,14176,48,697,44,0.044349108195341325,0.0036093406158628793,0.03730958307389148,0.051526301984002106,0.001,True
scaffold_blind,drpreter,3,drug,14176,48,697,44,0.044349108195341325,0.059373484198028056,-0.06494945822782568,0.16641437394281794,0.506,False
scaffold_blind,drpreter,3,cell,14176,48,697,44,0.044349108195341325,0.0029175011284766875,0.03892194374054838,0.05034614147408151,0.001,True
scaffold_blind,drpreter,3,scaffold,14176,48,697,44,0.044349108195341325,0.06296069378640574,-0.06651837900915775,0.17888525801136004,0.482,False
scaffold_blind,drpreter,3,twoway,14176,48,697,44,0.044349108195341325,0.0593354455529478,-0.07194836508843636,0.160646581479119,0.45480387814795287,False
scaffold_blind,drpreter,4,rows,15099,49,695,44,0.01814946705657372,0.003199846115415644,0.011824108881746911,0.02442686428055061,0.001,True
scaffold_blind,drpreter,4,drug,15099,49,695,44,0.01814946705657372,0.04465465793313681,-0.06702356386144763,0.11439537635125546,0.648,False
scaffold_blind,drpreter,4,cell,15099,49,695,44,0.01814946705657372,0.0030260725909197262,0.012069381073701748,0.024167109163264918,0.001,True
scaffold_blind,drpreter,4,scaffold,15099,49,695,44,0.01814946705657372,0.04634168772835545,-0.07895688262800991,0.11840202314289555,0.652,False
scaffold_blind,drpreter,4,twoway,15099,49,695,44,0.01814946705657372,0.04464254221355045,-0.06934991568198516,0.1056488497951326,0.6843378435278301,False
scaffold_blind,graphdrp,0,rows,15246,49,697,44,-0.07240603652039829,0.007777970538919916,-0.08739733096812133,-0.05665925629676074,0.001,True
scaffold_blind,graphdrp,0,drug,15246,49,697,44,-0.07240603652039829,0.12454138319531173,-0.3042325342048329,0.1834402407537021,0.574,False
scaffold_blind,graphdrp,0,cell,15246,49,697,44,-0.07240603652039829,0.006245681182821955,-0.08414653003544259,-0.06019647492998643,0.001,True
scaffold_blind,graphdrp,0,scaffold,15246,49,697,44,-0.07240603652039829,0.1432062558538618,-0.34630893995741124,0.2143383830713021,0.573,False
scaffold_blind,graphdrp,0,twoway,15246,49,697,44,-0.07240603652039829,0.12445508360824248,-0.31633800039255355,0.17152592735175698,0.5607118569637656,False
scaffold_blind,graphdrp,1,rows,14100,46,697,44,-0.07166373986296914,0.004705521396587853,-0.08078356333911117,-0.062267519244510496,0.001,True
scaffold_blind,graphdrp,1,drug,14100,46,697,44,-0.07166373986296914,0.06023398137619952,-0.18985648423176923,0.04672735501198805,0.25,False
scaffold_blind,graphdrp,1,cell,14100,46,697,44,-0.07166373986296914,0.003928803503295387,-0.07939311678708025,-0.064132420615223,0.001,True
scaffold_blind,graphdrp,1,scaffold,14100,46,697,44,-0.07166373986296914,0.0625865491330828,-0.19312835378743734,0.05354842237638663,0.267,False
scaffold_blind,graphdrp,1,twoway,14100,46,697,44,-0.07166373986296914,0.06017828576639676,-0.1896131799651068,0.04628570023916849,0.23370968191387537,False
scaffold_blind,graphdrp,2,rows,15925,51,696,44,0.17662530738290322,0.006450469825544593,0.1640302602093852,0.18907959779960648,0.001,True
scaffold_blind,graphdrp,2,drug,15925,51,696,44,0.17662530738290322,0.09407466191030442,-0.0020986335347644514,0.3584366168085941,0.053,False
scaffold_blind,graphdrp,2,cell,15925,51,696,44,0.17662530738290322,0.005402051179857893,0.1664207365578264,0.18728840653126275,0.001,True
scaffold_blind,graphdrp,2,scaffold,15925,51,696,44,0.17662530738290322,0.09966593810463958,-0.029548491033267853,0.3537250699097724,0.111,False
scaffold_blind,graphdrp,2,twoway,15925,51,696,44,0.17662530738290322,0.09400859327485772,-0.007631535435817904,0.36088215020162434,0.060268955829956436,False
scaffold_blind,graphdrp,3,rows,14176,48,697,44,0.0006150597187225548,0.0029085743265151467,-0.005032965131132855,0.006405595260805393,0.802,False
scaffold_blind,graphdrp,3,drug,14176,48,697,44,0.0006150597187225548,0.03941444474617022,-0.07175052619854312,0.07947140008503709,0.961,False
scaffold_blind,graphdrp,3,cell,14176,48,697,44,0.0006150597187225548,0.002415228326831795,-0.004200269286238431,0.005500945290384029,0.783,False
scaffold_blind,graphdrp,3,scaffold,14176,48,697,44,0.0006150597187225548,0.040164055241356966,-0.07225096822738375,0.08523066675142668,0.981,False
scaffold_blind,graphdrp,3,twoway,14176,48,697,44,0.0006150597187225548,0.039381111943503744,-0.07657191969054478,0.07780203912798989,0.9875390338400761,False
scaffold_blind,graphdrp,4,rows,15099,49,695,44,-0.008840561663097546,0.005161270819645045,-0.018851190812709313,0.0014253019267518418,0.098,False
scaffold_blind,graphdrp,4,drug,15099,49,695,44,-0.008840561663097546,0.07887575774421134,-0.1574335338849687,0.15626606214343866,0.879,False
scaffold_blind,graphdrp,4,cell,15099,49,695,44,-0.008840561663097546,0.003913317065727933,-0.01657319628617384,-0.001155000191109393,0.022,True
scaffold_blind,graphdrp,4,scaffold,15099,49,695,44,-0.008840561663097546,0.08255782429501883,-0.16784623038560564,0.152746770907436,0.927,False
scaffold_blind,graphdrp,4,twoway,15099,49,695,44,-0.008840561663097546,0.0788039370444568,-0.16329627827023288,0.1456151549440378,0.9106773060579334,False
scaffold_blind,cdrscan,0,rows,15246,49,697,44,0.24123984700639173,0.007799325587115897,0.2260962582941903,0.2569383732371401,0.001,True
scaffold_blind,cdrscan,0,drug,15246,49,697,44,0.24123984700639173,0.11525791338795542,-0.006801069072919881,0.44265969906387953,0.056,False
scaffold_blind,cdrscan,0,cell,15246,49,697,44,0.24123984700639173,0.00722969491525638,0.2269938101519529,0.2554482349851853,0.001,True
scaffold_blind,cdrscan,0,scaffold,15246,49,697,44,0.24123984700639173,0.14173537672425668,-0.07718169750252789,0.4475678969897688,0.186,False
scaffold_blind,cdrscan,0,twoway,15246,49,697,44,0.24123984700639173,0.1152207689936987,0.01540713977874228,0.46707255423404115,0.03628507060825483,True
scaffold_blind,cdrscan,1,rows,14100,46,697,44,-0.07463300137872492,0.005238987834098749,-0.08430554002282074,-0.06429239494175795,0.001,True
scaffold_blind,cdrscan,1,drug,14100,46,697,44,-0.07463300137872492,0.06594516723067895,-0.17845767966918927,0.07378593981294243,0.34,False
scaffold_blind,cdrscan,1,cell,14100,46,697,44,-0.07463300137872492,0.004696915298948896,-0.08331361139268212,-0.06532588594667614,0.001,True
scaffold_blind,cdrscan,1,scaffold,14100,46,697,44,-0.07463300137872492,0.06641959763594489,-0.17898430271847668,0.08097803162711127,0.346,False
scaffold_blind,cdrscan,1,twoway,14100,46,697,44,-0.07463300137872492,0.0659043177711588,-0.20380546421019616,0.054539461452746324,0.25744748279466634,False
scaffold_blind,cdrscan,2,rows,15925,51,696,44,0.3740949637940002,0.007569832511320977,0.35967156634358166,0.3886266948638093,0.001,True
scaffold_blind,cdrscan,2,drug,15925,51,696,44,0.3740949637940002,0.10434256083078974,0.1353583464890337,0.5489045559683647,0.002,True
scaffold_blind,cdrscan,2,cell,15925,51,696,44,0.3740949637940002,0.00833870144417062,0.35810259878290956,0.39025659530587986,0.001,True
scaffold_blind,cdrscan,2,scaffold,15925,51,696,44,0.3740949637940002,0.1034525918639493,0.10713618893353012,0.5068153009879506,0.013,True
scaffold_blind,cdrscan,2,twoway,15925,51,696,44,0.3740949637940002,0.10440115697755759,0.16946869611798734,0.5787212314700131,0.00033935154018209724,True
scaffold_blind,cdrscan,3,rows,14176,48,697,44,0.2395140116932334,0.008313042716118643,0.22356320142011643,0.25625889956481807,0.001,True
scaffold_blind,cdrscan,3,drug,14176,48,697,44,0.2395140116932334,0.14084788301036377,-0.006584072803701592,0.5570767248475734,0.053,False
scaffold_blind,cdrscan,3,cell,14176,48,697,44,0.2395140116932334,0.006663060035481586,0.2265522115457454,0.25327813850350106,0.001,True
scaffold_blind,cdrscan,3,scaffold,14176,48,697,44,0.2395140116932334,0.1500489277415517,0.0007131420456966439,0.5786328736844788,0.048,True
scaffold_blind,cdrscan,3,twoway,14176,48,697,44,0.2395140116932334,0.14076013582807292,-0.03637585452978953,0.5154038779162563,0.08883495592456299,False
scaffold_blind,cdrscan,4,rows,15099,49,695,44,0.057379387231087375,0.005029952070179181,0.04769714152532649,0.06741930026901169,0.001,True
scaffold_blind,cdrscan,4,drug,15099,49,695,44,0.057379387231087375,0.08280337092949937,-0.08701930839770619,0.23578769524484272,0.519,False
scaffold_blind,cdrscan,4,cell,15099,49,695,44,0.057379387231087375,0.004139220948021517,0.049125350647870436,0.06538444347378938,0.001,True
scaffold_blind,cdrscan,4,scaffold,15099,49,695,44,0.057379387231087375,0.08660137395595624,-0.09614228111214168,0.24394960078678707,0.478,False
scaffold_blind,cdrscan,4,twoway,15099,49,695,44,0.057379387231087375,0.08275403899216341,-0.10481852919355289,0.21957730365572764,0.4880757220683467,False
tissue_blind,drpreter,0,rows,6026,247,56,222,-0.007740082214785948,0.001763891680391935,-0.011116924821451967,-0.0042619708590181955,0.001,True
tissue_blind,drpreter,0,drug,6026,247,56,222,-0.007740082214785948,0.002886052544144526,-0.013934678150689736,-0.002528331702287934,0.003,True
tissue_blind,drpreter,0,cell,6026,247,56,222,-0.007740082214785948,0.006356246310403553,-0.019946673550492955,0.005072365757800642,0.228,False
tissue_blind,drpreter,0,scaffold,6026,247,56,222,-0.007740082214785948,0.0023905872314014245,-0.012960147902804742,-0.0036980307798237157,0.001,True
tissue_blind,drpreter,0,twoway,6026,247,56,222,-0.007740082214785948,0.006754247003621202,-0.020978406341883506,0.005498241912311607,0.25181260260395516,False
tissue_blind,drpreter,1,rows,6026,247,56,222,-0.004963501128347869,0.0019107127140078008,-0.008604631779106272,-0.0013046782266917527,0.013,True
tissue_blind,drpreter,1,drug,6026,247,56,222,-0.004963501128347869,0.0018767515122917926,-0.008873187922922585,-0.0014602810022641022,0.008,True
tissue_blind,drpreter,1,cell,6026,247,56,222,-0.004963501128347869,0.008230183317037522,-0.020781307946835404,0.011067006526185447,0.517,False
tissue_blind,drpreter,1,scaffold,6026,247,56,222,-0.004963501128347869,0.0018351503092151743,-0.008815049083832663,-0.0013499407522939218,0.007,True
tissue_blind,drpreter,1,twoway,6026,247,56,222,-0.004963501128347869,0.008222365267698902,-0.021079337053037717,0.011152334796341978,0.5460706746646129,False
tissue_blind,drpreter,2,rows,6026,247,56,222,0.0001377814890535234,0.0014979922400870011,-0.0027011228572789508,0.003096447856752048,0.932,False
tissue_blind,drpreter,2,drug,6026,247,56,222,0.0001377814890535234,0.0018745093874240936,-0.0033995917920730894,0.003987444708624915,0.94,False
tissue_blind,drpreter,2,cell,6026,247,56,222,0.0001377814890535234,0.004767271610688361,-0.009782928222494883,0.008892194097896391,0.974,False
tissue_blind,drpreter,2,scaffold,6026,247,56,222,0.0001377814890535234,0.0018836633415092677,-0.003305882377478059,0.004136647585147373,0.881,False
tissue_blind,drpreter,2,twoway,6026,247,56,222,0.0001377814890535234,0.004898640964824365,-0.009463554802002231,0.009739117780109278,0.9775612806375065,False
tissue_blind,drpreter,3,rows,6026,247,56,222,0.005709765026668312,0.0018720084816789293,0.0019707151473883993,0.009328191637594858,0.002,True
tissue_blind,drpreter,3,drug,6026,247,56,222,0.005709765026668312,0.0019941128157210182,0.002036004927088486,0.009878779489900956,0.001,True
tissue_blind,drpreter,3,cell,6026,247,56,222,0.005709765026668312,0.007814206230840533,-0.008668454047364918,0.021880370517054493,0.465,False
tissue_blind,drpreter,3,scaffold,6026,247,56,222,0.005709765026668312,0.002124504227798206,0.0021359834917496962,0.0105318007085884,0.001,True
tissue_blind,drpreter,3,twoway,6026,247,56,222,0.005709765026668312,0.00784435396858479,-0.009665168751757876,0.0210846988050945,0.4666857468992185,False
tissue_blind,drpreter,4,rows,6026,247,56,222,0.0021659505690369008,0.0014744089733930122,-0.0006402111142440658,0.004981275815477195,0.14,False
tissue_blind,drpreter,4,drug,6026,247,56,222,0.0021659505690369008,0.0019367766777922933,-0.0014554583960128403,0.006050331410829729,0.242,False
tissue_blind,drpreter,4,cell,6026,247,56,222,0.0021659505690369008,0.005781729293455969,-0.00978868107603088,0.012872792331085924,0.73,False
tissue_blind,drpreter,4,scaffold,6026,247,56,222,0.0021659505690369008,0.0019195539579574064,-0.0013957782452236472,0.006319767642352239,0.248,False
tissue_blind,drpreter,4,twoway,6026,247,56,222,0.0021659505690369008,0.005916554377475557,-0.00943049601081519,0.013762397148888992,0.7143030676214678,False
tissue_blind,graphdrp,0,rows,6026,247,56,222,-0.017405589471154115,0.0017421267681987996,-0.020756355173674967,-0.01398819132235242,0.001,True
tissue_blind,graphdrp,0,drug,6026,247,56,222,-0.017405589471154115,0.002669805317243825,-0.022958931157148265,-0.012733149034211662,0.001,True
tissue_blind,graphdrp,0,cell,6026,247,56,222,-0.017405589471154115,0.005390957258929055,-0.02826659197746363,-0.007436244607329091,0.001,True
tissue_blind,graphdrp,0,scaffold,6026,247,56,222,-0.017405589471154115,0.002617199716146964,-0.023371899084556374,-0.01310757408269552,0.001,True
tissue_blind,graphdrp,0,twoway,6026,247,56,222,-0.017405589471154115,0.005758061733179706,-0.02869139046818634,-0.00611978847412189,0.002504303913913506,True
tissue_blind,graphdrp,1,rows,6026,247,56,222,-0.015818024819368115,0.0017262792900980914,-0.01933446768683839,-0.012599756597870708,0.001,True
tissue_blind,graphdrp,1,drug,6026,247,56,222,-0.015818024819368115,0.0025132380204487327,-0.021440035014858843,-0.011385309235977716,0.001,True
tissue_blind,graphdrp,1,cell,6026,247,56,222,-0.015818024819368115,0.006116026161282518,-0.02820719044868788,-0.00415447837411115,0.008,True
tissue_blind,graphdrp,1,scaffold,6026,247,56,222,-0.015818024819368115,0.0029486546134039004,-0.022191083369443237,-0.010896986005916534,0.001,True
tissue_blind,graphdrp,1,twoway,6026,247,56,222,-0.015818024819368115,0.006382953952951538,-0.028328614567153132,-0.0033074350715830998,0.013205937804731572,True
tissue_blind,graphdrp,2,rows,6026,247,56,222,-0.009723144165956321,0.0017774592021840598,-0.013308689730701252,-0.0061684896922995225,0.001,True
tissue_blind,graphdrp,2,drug,6026,247,56,222,-0.009723144165956321,0.0019455546830260725,-0.013600895134224956,-0.006091501222240489,0.001,True
tissue_blind,graphdrp,2,cell,6026,247,56,222,-0.009723144165956321,0.005348847517445224,-0.020590156448431547,0.0002113751683468622,0.055,False
tissue_blind,graphdrp,2,scaffold,6026,247,56,222,-0.009723144165956321,0.002008482491686999,-0.013888628652061145,-0.005980484367439454,0.001,True
tissue_blind,graphdrp,2,twoway,6026,247,56,222,-0.009723144165956321,0.005407031678665831,-0.020320926256141347,0.0008746379242287067,0.07213888018230002,False
tissue_blind,graphdrp,3,rows,6026,247,56,222,-0.012976686349481681,0.001918106169056789,-0.016822319811664193,-0.00920388253981887,0.001,True
tissue_blind,graphdrp,3,drug,6026,247,56,222,-0.012976686349481681,0.0023771222015507255,-0.018171429384260227,-0.008830056759955924,0.001,True
tissue_blind,graphdrp,3,cell,6026,247,56,222,-0.012976686349481681,0.006499075141138359,-0.025584235580506855,-0.00022889040835871128,0.046,True
tissue_blind,graphdrp,3,scaffold,6026,247,56,222,-0.012976686349481681,0.0025371138749947495,-0.018571526573904294,-0.008721569006498233,0.001,True
tissue_blind,graphdrp,3,twoway,6026,247,56,222,-0.012976686349481681,0.006649026723926911,-0.026008778728378427,5.5406029415065033e-05,0.05097774742531396,False
tissue_blind,graphdrp,4,rows,6026,247,56,222,-0.013868117458797014,0.0014889961611021082,-0.016898541878252266,-0.011094998954327206,0.001,True
tissue_blind,graphdrp,4,drug,6026,247,56,222,-0.013868117458797014,0.0021111998828410522,-0.018497344736573672,-0.010228263599271708,0.001,True
tissue_blind,graphdrp,4,cell,6026,247,56,222,-0.013868117458797014,0.006167958658934136,-0.026555874736451268,-0.0021301757020071583,0.019,True
tissue_blind,graphdrp,4,scaffold,6026,247,56,222,-0.013868117458797014,0.0021573553257794495,-0.018757841098044924,-0.010426172220473711,0.001,True
tissue_blind,graphdrp,4,twoway,6026,247,56,222,-0.013868117458797014,0.00634694961346408,-0.02630813870118661,-0.0014280962164074165,0.02888847052922199,True
tissue_blind,cdrscan,0,rows,6026,247,56,222,-0.023716264936553766,0.0020900181350804073,-0.02787616433807529,-0.019742432685365904,0.001,True
tissue_blind,cdrscan,0,drug,6026,247,56,222,-0.023716264936553766,0.0034275296961955577,-0.03106619102177224,-0.017765798416585658,0.001,True
tissue_blind,cdrscan,0,cell,6026,247,56,222,-0.023716264936553766,0.008231691247257259,-0.03948220258521216,-0.00803294353451405,0.002,True
tissue_blind,cdrscan,0,scaffold,6026,247,56,222,-0.023716264936553766,0.003436801999226984,-0.03147914450765861,-0.0180804838145313,0.001,True
tissue_blind,cdrscan,0,twoway,6026,247,56,222,-0.023716264936553766,0.008668363444359565,-0.040706257287498514,-0.006726272585609018,0.006219925576233336,True
tissue_blind,cdrscan,1,rows,6026,247,56,222,-0.029740841697831755,0.0022393171132509557,-0.03404954743442046,-0.02528702761649451,0.001,True
tissue_blind,cdrscan,1,drug,6026,247,56,222,-0.029740841697831755,0.0035618141789725832,-0.03760828431642659,-0.02364514298643599,0.001,True
tissue_blind,cdrscan,1,cell,6026,247,56,222,-0.029740841697831755,0.008969689668270884,-0.048501584655457924,-0.012441291945786935,0.001,True
tissue_blind,cdrscan,1,scaffold,6026,247,56,222,-0.029740841697831755,0.004193104877789397,-0.03904391858899869,-0.02285652369586677,0.001,True
tissue_blind,cdrscan,1,twoway,6026,247,56,222,-0.029740841697831755,0.009387614811916656,-0.0481405667291884,-0.01134111666647511,0.0015344215042995728,True
tissue_blind,cdrscan,2,rows,6026,247,56,222,-0.024625220103813295,0.002072922492556941,-0.028631873413709576,-0.020406908057703704,0.001,True
tissue_blind,cdrscan,2,drug,6026,247,56,222,-0.024625220103813295,0.0035696283066932386,-0.032277098710003074,-0.01860386556241624,0.001,True
tissue_blind,cdrscan,2,cell,6026,247,56,222,-0.024625220103813295,0.007787070447291519,-0.04040352018140919,-0.009959687752181243,0.001,True
tissue_blind,cdrscan,2,scaffold,6026,247,56,222,-0.024625220103813295,0.0035118296694854525,-0.03220305920868732,-0.018728280994936147,0.001,True
tissue_blind,cdrscan,2,twoway,6026,247,56,222,-0.024625220103813295,0.008311660768996657,-0.040916075211046746,-0.008334364996579847,0.0030492231157696246,True
tissue_blind,cdrscan,3,rows,6026,247,56,222,-0.017301916669120287,0.002419817549281529,-0.021953569942747053,-0.012549531672010214,0.001,True
tissue_blind,cdrscan,3,drug,6026,247,56,222,-0.017301916669120287,0.003021664089043112,-0.023935996908207934,-0.012060131813233673,0.001,True
tissue_blind,cdrscan,3,cell,6026,247,56,222,-0.017301916669120287,0.00914571092337856,-0.03492425552139676,0.0010168575622899513,0.066,False
tissue_blind,cdrscan,3,scaffold,6026,247,56,222,-0.017301916669120287,0.003376440912839336,-0.024719234703093694,-0.011421800134010602,0.001,True
tissue_blind,cdrscan,3,twoway,6026,247,56,222,-0.017301916669120287,0.009323034119277254,-0.035575063542903705,0.0009712302046631302,0.06347855373751693,False
tissue_blind,cdrscan,4,rows,6026,247,56,222,-0.016599119422805897,0.0018937648651655324,-0.020258584820880228,-0.012853199247507545,0.001,True
tissue_blind,cdrscan,4,drug,6026,247,56,222,-0.016599119422805897,0.0026142036748841233,-0.022324814787165654,-0.01193822481890325,0.001,True
tissue_blind,cdrscan,4,cell,6026,247,56,222,-0.016599119422805897,0.00826842916525067,-0.03331522663590294,-0.00012529332933579446,0.049,True
tissue_blind,cdrscan,4,scaffold,6026,247,56,222,-0.016599119422805897,0.0027355945269954746,-0.02284817837599975,-0.012171898584478476,0.001,True
tissue_blind,cdrscan,4,twoway,6026,247,56,222,-0.016599119422805897,0.008462543137261407,-0.03318570397183825,-1.2534873773541177e-05,0.04982291383492279,True
