model,split,seed,fold,run_tag,RMSE,MAE,PCC,Spearman,R2,Per-drug PCC,Per-cell PCC,best_val_pcc,best_val_epoch,total_train_sec,n_params,ECE,sel_RMSE@50,sel_RMSE@70,sel_RMSE@90,sel_RMSE@100,epistemic_mean,aleatoric_mean
cdrscan,random,0,0,,1.0006165987671158,0.7516307234764099,0.9358909726142883,0.9007172144343452,0.8712694644927979,0.7452887892723083,0.9164016842842102,0.942574679851532,185,9246.19345331192,10713601,,,,,,,
cdrscan,cell_blind,0,0,,1.2977968179998542,0.9823501110076904,0.889412522315979,0.8422561473656275,0.7890509366989136,0.46105363965034485,0.904898464679718,0.8880754709243774,23,1396.0847375392914,10713601,,,,,,,
cdrscan,cell_blind,1,0,,1.2913334119209525,0.9772976040840149,0.8909788131713867,0.8460359187685167,0.7906656265258789,0.47786709666252136,0.9088401794433594,0.8918547630310059,48,2439.9408009052277,10713601,,,,,,,
cdrscan,cell_blind,2,0,,1.3384613824459763,1.0026392936706543,0.8886708617210388,0.840854901675966,0.7766059637069702,0.4630073010921478,0.9072490334510803,0.8853298425674438,22,1339.5146842002869,10713601,,,,,,,
cdrscan,cell_blind,3,0,,1.2806797154039982,0.9689411520957947,0.8919867277145386,0.8449620843730434,0.7937346696853638,0.47714176774024963,0.9099209904670715,0.8901193141937256,41,2168.000948190689,10713601,,,,,,,
cdrscan,cell_blind,4,0,,1.3002419943420949,0.9907309412956238,0.8909193277359009,0.8401376093360606,0.7874483466148376,0.47443702816963196,0.9056801795959473,0.8902977705001831,39,2087.3187766075134,10713601,,,,,,,
cdrscan,drug_blind,0,0,,2.4445448575444213,1.8296860456466675,0.6367835998535156,0.5363001998743819,0.37031763792037964,0.6748735904693604,0.5782305002212524,0.636725902557373,29,1665.4159936904907,10713601,,,,,,,
cdrscan,drug_blind,1,0,,2.406954773576657,1.7952994108200073,0.6306343078613281,0.5469149499601378,0.3827993869781494,0.663166344165802,0.572144627571106,0.6248304843902588,44,2291.322150707245,10713601,,,,,,,
cdrscan,drug_blind,2,0,,2.4129543291710944,1.8040534257888794,0.6357317566871643,0.5511436509369895,0.3862014412879944,0.6690073013305664,0.5838737487792969,0.6356227993965149,50,2549.233161687851,10713601,,,,,,,
cdrscan,drug_blind,3,0,,2.404583936299119,1.7931368350982666,0.6342544555664062,0.5429144672685442,0.39055943489074707,0.6763084530830383,0.5770933628082275,0.6284925937652588,41,2466.1046073436737,10713601,,,,,,,
cdrscan,drug_blind,4,0,,2.4116783838134648,1.8017829656600952,0.6333856582641602,0.5497525324610536,0.3857598900794983,0.6721092462539673,0.5676456093788147,0.6329776048660278,55,2925.0997519493103,10713601,,,,,,,
cdrscan,random,0,0,,0.9999468610473086,0.7445695400238037,0.9339998364448547,0.8975285066907664,0.8714417219161987,0.7360643744468689,0.9129109978675842,0.9377202987670898,56,2503.4391753673553,10713601,,,,,,,
cdrscan,random,1,0,,1.010110821923131,0.7558731436729431,0.9322936534881592,0.8962251188848485,0.8667635917663574,0.732303261756897,0.9111704230308533,0.940217912197113,56,2488.1005475521088,10713601,,,,,,,
cdrscan,random,2,0,,0.990739261042466,0.7363224029541016,0.9327456951141357,0.8978545746725056,0.8695683479309082,0.7398552298545837,0.9150182604789734,0.9394516348838806,57,2496.972664117813,10713601,,,,,,,
cdrscan,random,3,0,,0.9898264268474773,0.7411540746688843,0.9336857795715332,0.8935481929048039,0.8711034059524536,0.7356119751930237,0.9096937775611877,0.9438462257385254,56,2506.822747707367,10713601,,,,,,,
cdrscan,random,4,0,,0.9897072798086656,0.7479814887046814,0.9325569272041321,0.8953382578281948,0.8684350252151489,0.7392472624778748,0.9142434000968933,0.9402415752410889,55,2592.574256658554,10713601,,,,,,,
cdrscan,scaffold_blind,0,0,,3.0991398263992895,2.434373617172241,0.22820019721984863,0.26915220904743253,-0.013523221015930176,0.658141016960144,0.055664099752902985,0.22050386667251587,1,607.4776740074158,10713601,,,,,,,
cdrscan,scaffold_blind,1,0,,2.5927047461769317,1.9469101428985596,0.40312302112579346,0.31957909898483694,0.08417171239852905,0.6059067845344543,0.22497601807117462,0.39919573068618774,1,598.761864900589,10713601,,,,,,,
cdrscan,scaffold_blind,2,0,,2.8955142350793017,2.1159448623657227,0.2806328535079956,0.3112176305228692,0.06905913352966309,0.5913337469100952,0.09611912816762924,0.284073144197464,1,639.9375677108765,10713601,,,,,,,
cdrscan,scaffold_blind,3,0,,2.6844792799850756,1.9765827655792236,0.4667941927909851,0.3746818679136726,0.20514851808547974,0.6408264636993408,0.3269546329975128,0.47942477464675903,1,629.2048871517181,10713601,,,,,,,
cdrscan,scaffold_blind,4,0,,2.5663912930916424,1.8655455112457275,0.5470608472824097,0.4560173050809135,0.2882404923439026,0.6862537860870361,0.42862167954444885,0.5433380603790283,17,1425.7426133155823,10713601,,,,,,,
cdrscan,tissue_blind,0,0,,1.3876536911394348,1.0586620569229126,0.8698753714561462,0.818692812350746,0.7556132078170776,0.3023412227630615,0.8983849287033081,0.8681297302246094,7,892.0324668884277,10713601,,,,,,,
cdrscan,tissue_blind,1,0,,1.3521780475579643,1.0366435050964355,0.8731976747512817,0.825925004715842,0.758375883102417,0.3686143457889557,0.8998674154281616,0.8744022846221924,25,1751.427217245102,10713601,,,,,,,
cdrscan,tissue_blind,2,0,,1.4260136663095009,1.1051102876663208,0.8704681396484375,0.8239464703737016,0.742373526096344,0.31726184487342834,0.9002143144607544,0.8708207607269287,15,1196.3893678188324,10713601,,,,,,,
cdrscan,tissue_blind,3,0,,1.403010982647174,1.0710645914077759,0.8681566715240479,0.8217443892677013,0.7486580610275269,0.3310495913028717,0.8958390355110168,0.8742663264274597,18,1416.425571680069,10713601,,,,,,,
cdrscan,tissue_blind,4,0,,1.411881635565023,1.0859754085540771,0.8713845014572144,0.8200598238693488,0.7562783360481262,0.31928762793540955,0.8984120488166809,0.8653477430343628,5,677.4193625450134,10713601,,,,,,,
drpreter,random,0,0,,1.0817556202308078,0.8053088784217834,0.9219990372657776,0.8793209276409236,0.8495457172393799,0.6805613040924072,0.8975459337234497,0.920771598815918,142,14164.071529388428,494465,,,,,,,
drpreter,cell_blind,0,0,,1.4344766584952506,1.0798410177230835,0.8692928552627563,0.8167294120326408,0.7422782182693481,0.3555420935153961,0.8887677192687988,0.8669134378433228,2,1435.7389571666718,627073,,,,,,,
drpreter,cell_blind,1,0,,1.4030165479585477,1.0596822500228882,0.8686923980712891,0.8182189366221418,0.7528905272483826,0.3483349680900574,0.8918575048446655,0.8653552532196045,4,1767.2423391342163,627073,,,,,,,
drpreter,cell_blind,2,0,,1.4809622634005415,1.1220401525497437,0.860801100730896,0.8092416612698431,0.7265059351921082,0.3442755341529846,0.8833887577056885,0.8585571050643921,2,1512.4981150627136,627073,,,,,,,
drpreter,cell_blind,3,0,,1.4701705718176539,1.1133887767791748,0.8549380302429199,0.8006466980401744,0.728180468082428,0.2802119553089142,0.893314778804779,0.8541659116744995,11,2473.3497202396393,627073,,,,,,,
drpreter,cell_blind,4,0,,1.4989667353638696,1.1570760011672974,0.8653131723403931,0.8101466368441005,0.7175118923187256,0.3446374833583832,0.8868836164474487,0.8636521100997925,2,1398.04616355896,627073,,,,,,,
drpreter,drug_blind,0,0,,2.7357735681140007,2.1716158390045166,0.5399908423423767,0.45301385720340664,0.2113472819328308,0.5298739671707153,0.5038376450538635,0.5354251265525818,6,2146.4591529369354,627073,,,,,,,
drpreter,drug_blind,1,0,,2.628429352581353,2.017673969268799,0.5424942970275879,0.4542595799685944,0.2639910578727722,0.43742963671684265,0.5275977253913879,0.5487303733825684,3,1649.8209252357483,627073,,,,,,,
drpreter,drug_blind,2,0,,2.5508416301596935,2.024975299835205,0.5763692259788513,0.48440995162838413,0.31404656171798706,0.4395284056663513,0.5649264454841614,0.5856399536132812,3,1560.341671705246,627073,,,,,,,
drpreter,drug_blind,3,0,,2.417390868318463,1.9572290182113647,0.645618200302124,0.5372473055253805,0.3840503692626953,0.6542709469795227,0.5997554659843445,0.6433752179145813,40,6392.711690187454,627073,,,,,,,
drpreter,drug_blind,4,0,,2.6637716274376992,2.088075876235962,0.5792062282562256,0.45689655427006975,0.2506350874900818,0.416240930557251,0.5624378323554993,0.5775225162506104,3,1744.858879327774,627073,,,,,,,
drpreter,random,0,0,,1.0469062003425493,0.776486337184906,0.9274738430976868,0.887461844294572,0.8590835332870483,0.7098977565765381,0.9036879539489746,0.928912878036499,45,6381.381377458572,627073,,,,,,,
drpreter,random,1,0,,1.0679508523062236,0.7888991832733154,0.9230512380599976,0.8816268375840152,0.8510681986808777,0.6980020999908447,0.9001120328903198,0.9302589297294617,50,6216.454944610596,627073,,,,,,,
drpreter,random,2,0,,1.0439295540058278,0.7731593251228333,0.9256517291069031,0.887476961627707,0.8551872968673706,0.7105405926704407,0.9048439860343933,0.9306752681732178,46,6330.853133440018,627073,,,,,,,
drpreter,random,3,0,,1.0415145508642043,0.7760699391365051,0.9265432357788086,0.8832195706519443,0.8572901487350464,0.7063438296318054,0.9016766548156738,0.9342621564865112,47,5923.118831157684,627073,,,,,,,
drpreter,random,4,0,,1.0493488404385591,0.7871723175048828,0.9244968891143799,0.8827920800273871,0.8521005511283875,0.7034072875976562,0.9034522175788879,0.9319754838943481,50,6148.42557144165,627073,,,,,,,
drpreter,scaffold_blind,0,0,,2.8029814820564227,2.1273088455200195,0.43813472986221313,0.39059559699979274,0.17092877626419067,0.587303876876831,0.34736552834510803,0.4409344792366028,7,2170.8315274715424,627073,,,,,,,
drpreter,scaffold_blind,1,0,,2.8306719865729493,2.0414137840270996,0.36151671409606934,0.3536276389250213,-0.0916590690612793,0.4028368294239044,0.33386194705963135,0.3791581392288208,3,1748.6465148925781,627073,,,,,,,
drpreter,scaffold_blind,2,0,,2.4317971052813765,1.8107291460037231,0.6040689945220947,0.5480241157408575,0.3433629870414734,0.5481356978416443,0.5634260177612305,0.5986450910568237,11,2681.577274084091,627073,,,,,,,
drpreter,scaffold_blind,3,0,,2.2754415481828527,1.7423222064971924,0.6619590520858765,0.5704497272424517,0.42891961336135864,0.6280904412269592,0.6076937913894653,0.6705144643783569,21,7847.488111972809,627073,,,,,,,
drpreter,scaffold_blind,4,0,,2.4653396228560824,1.9063392877578735,0.5862907767295837,0.46305272662278923,0.3431881070137024,0.6002894639968872,0.5128096342086792,0.5890213251113892,8,2988.3447544574738,627073,,,,,,,
drpreter,tissue_blind,0,0,,1.5221143405087134,1.1717525720596313,0.8538991808891296,0.8009151207888027,0.7059574723243713,0.12069185078144073,0.8954893946647644,0.8478342294692993,6,3643.273918867111,627073,,,,,,,
drpreter,tissue_blind,1,0,,1.5097916022233548,1.1510075330734253,0.8484203815460205,0.7946956374288648,0.6987642645835876,0.09132935106754303,0.893609881401062,0.8551390171051025,20,4904.845728158951,627073,,,,,,,
drpreter,tissue_blind,2,0,,1.563427916609317,1.1952835321426392,0.8457051515579224,0.7931261032827032,0.6903302073478699,0.009269962087273598,0.8893659710884094,0.8496373891830444,2,1585.6957483291626,627073,,,,,,,
drpreter,tissue_blind,3,0,,1.5231636779407438,1.1558476686477661,0.8451451063156128,0.7909277693379704,0.7037652730941772,0.08786950260400772,0.8905535340309143,0.8535122275352478,6,2118.7295281887054,627073,,,,,,,
drpreter,tissue_blind,4,0,,1.6762311282649478,1.3090664148330688,0.852619469165802,0.7887179520661844,0.656469464302063,0.040271252393722534,0.895698606967926,0.8410001397132874,5,1985.8356659412384,627073,,,,,,,
graphdrp,drug_blind,0,0,,2.6179894883926154,1.9616223573684692,0.5371831655502319,0.4695701059428091,0.27779364585876465,0.6368446946144104,0.4648609161376953,0.5305246114730835,2,8503.813619613647,2859494,,,,,,,
graphdrp,random,0,0,,0.9793411701350633,0.7230964303016663,0.9363378286361694,0.9019582085154899,0.8766855001449585,0.7473282814025879,0.9175008535385132,0.9391566514968872,129,11274.760169029236,2859494,,,,,,,
graphdrp,cell_blind,0,0,,1.348137015128677,1.0183525085449219,0.8838163614273071,0.8349970015138762,0.7723685503005981,0.44251158833503723,0.8990247845649719,0.881623387336731,7,1199.9191663265228,2859494,,,,,,,
graphdrp,cell_blind,1,0,,1.321765528986493,0.9911991953849792,0.8838091492652893,0.8351157173269493,0.7806828022003174,0.4431014955043793,0.9016453623771667,0.8834691047668457,16,1892.236212015152,2859494,,,,,,,
graphdrp,cell_blind,2,0,,1.3196778888429188,0.9957534074783325,0.8848164677619934,0.8368249456232326,0.7828320264816284,0.43717852234840393,0.9056006669998169,0.8830784559249878,32,2949.658668756485,2859494,,,,,,,
graphdrp,cell_blind,3,0,,1.3591516245452633,1.0423648357391357,0.882476270198822,0.831947503472429,0.7676829695701599,0.4250650405883789,0.9029501676559448,0.8775638341903687,8,1282.3703265190125,2859494,,,,,,,
graphdrp,cell_blind,4,0,,1.3098827333597896,0.9886274337768555,0.8862001299858093,0.8338059227830333,0.7842847108840942,0.4538518786430359,0.9012327790260315,0.8845432996749878,8,1292.8196239471436,2859494,,,,,,,
graphdrp,drug_blind,0,0,,2.599914578721845,1.894185185432434,0.5665595531463623,0.5006057946038126,0.2877316474914551,0.65207839012146,0.5020081996917725,0.5625464916229248,18,1953.0104269981384,2859494,,,,,,,
graphdrp,drug_blind,1,0,,2.7212823058257825,1.9993447065353394,0.5215593576431274,0.4920400948423031,0.2110714316368103,0.6200159788131714,0.46526390314102173,0.52358478307724,1,763.7726714611053,2859494,,,,,,,
graphdrp,drug_blind,2,0,,2.660695832097988,1.9279468059539795,0.535408616065979,0.5099751716262672,0.25369197130203247,0.6430031657218933,0.48098257184028625,0.5372943878173828,3,902.0895171165466,2859494,,,,,,,
graphdrp,drug_blind,3,0,,2.5939623274703605,1.9329971075057983,0.5780987739562988,0.5004628636744312,0.2907835841178894,0.6432933211326599,0.5220648050308228,0.5680652856826782,3,901.0038273334503,2859494,,,,,,,
graphdrp,drug_blind,4,0,,2.8724963025632855,2.115311861038208,0.4879981279373169,0.42338368152205674,0.12859845161437988,0.6601939797401428,0.4019559621810913,0.48608115315437317,11,1460.2691605091095,2859494,,,,,,,
graphdrp,random,0,0,,0.9734662524733136,0.7178415656089783,0.9373339414596558,0.9025246126703101,0.8781605362892151,0.7492434978485107,0.9165260195732117,0.9423993229866028,44,3540.9511382579803,2859494,,,,,,,
graphdrp,random,1,0,,0.9839456318144462,0.7199805974960327,0.9347549676895142,0.9006423166739982,0.8735767006874084,0.745668351650238,0.915274977684021,0.9435229301452637,48,3575.756115913391,2859494,,,,,,,
graphdrp,random,2,0,,0.9699422513839393,0.7104672193527222,0.9356500506401062,0.9035071154794277,0.8749867677688599,0.7540282607078552,0.9198980927467346,0.941275417804718,46,3627.584969997406,2859494,,,,,,,
graphdrp,random,3,0,,0.954961570695533,0.7092576026916504,0.938244104385376,0.900256657175664,0.8800238370895386,0.7547339200973511,0.9165011644363403,0.9471132755279541,49,3575.175508260727,2859494,,,,,,,
graphdrp,random,4,0,,0.9546041111965272,0.7136021256446838,0.9370291829109192,0.9021476967793828,0.8776022791862488,0.7574501633644104,0.9221073985099792,0.9452577233314514,49,3625.690957546234,2859494,,,,,,,
graphdrp,scaffold_blind,0,0,,2.65534850137554,2.079054117202759,0.5418460369110107,0.43455006987634115,0.25596320629119873,0.6304535269737244,0.46235018968582153,0.539679229259491,1,765.1354947090149,2859494,,,,,,,
graphdrp,scaffold_blind,1,0,,2.74810127253263,1.9548511505126953,0.4001537561416626,0.39499916717887507,-0.028900623321533203,0.6126578450202942,0.3151296377182007,0.41290539503097534,5,1044.740650177002,2859494,,,,,,,
graphdrp,scaffold_blind,2,0,,2.7084976342078053,2.059422731399536,0.478102445602417,0.42492197861409325,0.18543154001235962,0.5766642689704895,0.4041428864002228,0.4873273968696594,1,759.8894505500793,2859494,,,,,,,
graphdrp,scaffold_blind,3,0,,2.155619100516706,1.742592692375183,0.7056931257247925,0.5798977883293288,0.4874810576438904,0.6460697054862976,0.6541677117347717,0.6989298462867737,10,1403.8349480628967,2859494,,,,,,,
graphdrp,scaffold_blind,4,0,,2.4290277008386814,1.9112781286239624,0.613280713558197,0.4596010969003756,0.36239391565322876,0.678716778755188,0.5291881561279297,0.6239567995071411,10,1395.649084329605,2859494,,,,,,,
graphdrp,tissue_blind,0,0,,1.4201986470768142,1.0886223316192627,0.863564670085907,0.8116771391068403,0.7440154552459717,0.20788738131523132,0.8978718519210815,0.8588693141937256,3,978.9723463058472,2859494,,,,,,,
graphdrp,tissue_blind,1,0,,1.4340357294034087,1.114454746246338,0.8592749834060669,0.8104972881427747,0.72823566198349,0.26461100578308105,0.89277583360672,0.863831102848053,4,1055.921548128128,2859494,,,,,,,
graphdrp,tissue_blind,2,0,,1.4921094464564146,1.1355819702148438,0.8555660247802734,0.8032447388110688,0.7179380655288696,0.10067566484212875,0.8960269689559937,0.8587280511856079,13,1723.6134676933289,2859494,,,,,,,
graphdrp,tissue_blind,3,0,,1.4684198698392752,1.1361726522445679,0.8638315796852112,0.8184669325120464,0.7246764898300171,0.30763185024261475,0.895734965801239,0.8705009818077087,6,1205.1706147193909,2859494,,,,,,,
graphdrp,tissue_blind,4,0,,1.4210339248924322,1.0873163938522339,0.8686534762382507,0.8165609349010018,0.7531083226203918,0.2829100489616394,0.8996211886405945,0.862075924873352,5,1126.8647301197052,2859494,,,,,,,
pathxdrp,cell_blind,0,0,v3,1.4175680976401606,1.0665589570999146,0.8672096729278564,0.8144184024276797,0.748318076133728,0.32153135538101196,0.8895052075386047,0.8656630516052246,1,2037.2715420722961,3031429,0.1868882261784888,1.0541983141062585,1.1769715427663021,1.311002603762534,1.4175680976401606,1.5915589332580566,0.47069141268730164
pathxdrp,cell_blind,1,0,v3,1.4407193994934553,1.0760867595672607,0.8643991351127625,0.8140285511622807,0.7394310832023621,0.3365357518196106,0.8875899314880371,0.8627574443817139,1,2021.20991396904,3031429,0.28698481161987854,1.046957041244407,1.1896556061782504,1.3304635944367365,1.4407193994934553,1.3744858503341675,0.5486387610435486
pathxdrp,cell_blind,2,0,v3,1.4451165143725626,1.0866763591766357,0.8689848780632019,0.8151602940045697,0.7395852208137512,0.3425438702106476,0.8946536779403687,0.8670700788497925,2,2193.026289463043,3031429,0.24756316307248066,1.0772116288907014,1.192626528315239,1.328488692807285,1.4451165143725626,1.4807478189468384,0.38798072934150696
pathxdrp,cell_blind,3,0,v3,1.40600227717165,1.0580098628997803,0.8674168586730957,0.812802997841439,0.7513907551765442,0.34833335876464844,0.8935803771018982,0.8617001175880432,1,2022.5432891845703,3031429,0.1612019684604277,1.0317850170030338,1.1766480960587231,1.3024248158580325,1.40600227717165,1.6557579040527344,0.5083501935005188
pathxdrp,cell_blind,4,0,v3,1.422995660170735,1.0683412551879883,0.8658838272094727,0.8118221404700138,0.7454205751419067,0.33619874715805054,0.8910280466079712,0.8628617525100708,1,2000.1337077617645,3031429,0.2720858838736868,1.0381021866195046,1.1643661512610952,1.2962645507260682,1.422995660170735,1.3662718534469604,0.5899593830108643
pathxdrp,drug_blind,0,0,v3,2.4095261304981666,1.7565335035324097,0.6249803900718689,0.5493299773520368,0.3882291316986084,0.6405962109565735,0.5793390274047852,0.6288279891014099,26,6779.788384437561,3031429,1.5592889436830417,2.1555883525809074,2.2321887224117405,2.345515387373011,2.4095261304981666,0.8420190811157227,0.09694059193134308
pathxdrp,drug_blind,1,0,v3,2.413855781469583,1.7382851839065552,0.6201803684234619,0.551796254625321,0.37925517559051514,0.6351755857467651,0.5717722773551941,0.6149725914001465,44,9493.246075868607,3031429,1.5142582419658988,2.12968646110347,2.1933423090038984,2.3241822311994476,2.4138556826987343,0.9116432070732117,0.10762324929237366
pathxdrp,drug_blind,2,0,v3,2.490721555439254,1.908377766609192,0.5917547345161438,0.47650934861266636,0.3459995985031128,0.510042130947113,0.5627754330635071,0.5972499847412109,2,2249.993041753769,3031429,1.3500892212966327,2.369550777949742,2.293926188590996,2.3165660886635098,2.490721555439254,1.2966578006744385,0.41946327686309814
pathxdrp,drug_blind,3,0,v3,2.538980805476602,1.9347844123840332,0.5762957334518433,0.46202755460698713,0.3205299377441406,0.43110042810440063,0.5519616007804871,0.5744860768318176,1,2068.253338575363,3031429,1.1537593790647704,2.1782784231435866,2.2418136019098482,2.311569335894387,2.538980805476602,1.8894132375717163,0.5771799087524414
pathxdrp,drug_blind,4,0,v3,2.4861849543605596,1.8956413269042969,0.5911962985992432,0.4694872778416213,0.34722089767456055,0.5201419591903687,0.5527161359786987,0.5948969125747681,2,2275.6574642658234,3031429,1.3094378350864644,2.2814440710003794,2.2495191908079453,2.3827357545594325,2.4861849543605596,1.4459079504013062,0.4554847776889801
pathxdrp,random,0,0,v3,1.0048056406948582,0.7310817241668701,0.9334348440170288,0.8988544560168402,0.870189368724823,0.7447075247764587,0.9134520888328552,0.9381917715072632,39,9132.931064367294,3031429,0.29383686162698747,0.7534088707780641,0.8042513952601849,0.8996299790984931,1.0048056406948582,0.7842977046966553,0.0995018407702446
pathxdrp,random,1,0,v3,1.1647699753587106,0.8531025648117065,0.9085562229156494,0.8628367587983037,0.82284015417099,0.6466179490089417,0.8861424922943115,0.9101697206497192,12,4044.9044506549835,3031429,0.07937835645171755,0.8368179818088578,0.9349971422365956,1.0376938719176725,1.1647699753587106,1.3046704530715942,0.1636916995048523
pathxdrp,random,2,0,v3,1.0472553757788872,0.7580669522285461,0.9249507188796997,0.8891142160936494,0.854263186454773,0.7208069562911987,0.9066067337989807,0.9319661855697632,50,9071.832778453827,3031429,0.1681607785447392,0.7192294139017621,0.8208855217029449,0.9215246601686027,1.0472553757788872,0.9311755299568176,0.11224083602428436
pathxdrp,random,3,0,v3,1.1385356631852181,0.837130069732666,0.9111111164093018,0.8613467348203572,0.8294638395309448,0.6524938941001892,0.888065755367279,0.9188382625579834,12,4023.1850299835205,3031429,0.0677803305058059,0.8045889044051365,0.9063414494643398,1.0256166626790701,1.1385357155372395,1.2625374794006348,0.15668444335460663
pathxdrp,random,4,0,v3,1.0904596154152444,0.8101009130477905,0.9175049066543579,0.8738674995334746,0.8402849435806274,0.689521074295044,0.897462010383606,0.9232742786407471,20,5479.14355969429,3031429,0.10889584595387276,0.7556847264591765,0.8608155401285993,0.9688274906298795,1.0904596154152444,1.1676405668258667,0.13815315067768097
pathxdrp,scaffold_blind,0,0,v3,2.8909426952740516,2.193894147872925,0.36950942873954773,0.39577696177777066,0.11807763576507568,0.41816651821136475,0.343422532081604,0.3638496398925781,1,2037.9855437278748,3031429,1.6826479477189928,2.726315987272436,2.7671397743008175,2.8316385773030257,2.8909426952740516,1.5070428848266602,0.5411303043365479
pathxdrp,scaffold_blind,1,0,v3,2.4993791763030386,1.8429648876190186,0.40443354845046997,0.30758028164151935,0.14891642332077026,0.3863327205181122,0.340984046459198,0.42307162284851074,1,2103.3298473358154,3031429,1.3198932131131489,2.263006868015711,2.2602245290169347,2.2958190982144204,2.4993791763030386,1.3232709169387817,0.5054745674133301
pathxdrp,scaffold_blind,2,0,v3,2.761583899587418,2.0551233291625977,0.40286195278167725,0.3833543876500685,0.15318769216537476,0.38942545652389526,0.3730153441429138,0.3982752859592438,1,2038.2132380008698,3031429,1.6447992192407601,2.7025199609913866,2.647303966004212,2.7103797712656585,2.7615838132534183,1.1830389499664307,0.5002381801605225
pathxdrp,scaffold_blind,3,0,v3,2.824995891601816,2.012216091156006,0.44571128487586975,0.3976951334060311,0.11975914239883423,0.41173091530799866,0.40148085355758667,0.463733971118927,1,2105.863148212433,3031429,1.5758572206422519,3.009733305107131,2.7745715764255823,2.665062322406741,2.824995891601816,1.3192694187164307,0.5133050680160522
pathxdrp,scaffold_blind,4,0,v3,2.555953525801263,1.7695801258087158,0.5802807807922363,0.49137607344287315,0.29401832818984985,0.6811862587928772,0.4991861581802368,0.5786944627761841,20,5769.828421354294,3031429,1.436564411333171,3.1093426419975394,2.8140774859379394,2.6361791440034126,2.555953525801263,0.8792884945869446,0.10021087527275085
pathxdrp,tissue_blind,0,0,v3,1.4797032775360002,1.1302335262298584,0.8498998284339905,0.7939534177374828,0.722115159034729,-0.06630445271730423,0.8964594602584839,0.842840850353241,1,2450.1112112998962,3031429,0.3033409955056055,1.1494292045120929,1.2562399564882452,1.3745938047896908,1.4797032775360002,1.4506759643554688,0.40498214960098267
pathxdrp,tissue_blind,1,0,v3,1.4854335824967178,1.1365989446640015,0.8417491912841797,0.7903855697694925,0.7084057331085205,-0.014842678792774677,0.8888959884643555,0.8468741178512573,1,2306.295994281769,3031429,0.42809912397186506,1.2007838172860335,1.280938412995675,1.3846855624664671,1.4854335824967178,1.1536755561828613,0.5159940123558044
pathxdrp,tissue_blind,2,0,v3,1.5391915359236592,1.174297571182251,0.8435992002487183,0.7918383065446304,0.6998568177223206,-0.012455452233552933,0.8900838494300842,0.8478858470916748,1,2198.864101409912,3031429,0.42402209392465945,1.2379461851980034,1.307508331622389,1.4469260616643769,1.5391916908222287,1.2756768465042114,0.49347424507141113
pathxdrp,tissue_blind,3,0,v3,1.5376747962399915,1.1865510940551758,0.8420560359954834,0.7829954986882931,0.6980938911437988,0.005841829814016819,0.8933196663856506,0.8491220474243164,10,4016.6816279888153,3031429,0.4019938252354396,1.1957100599773876,1.3218471479074387,1.4347619226721051,1.5376747962399915,1.3744525909423828,0.1642862856388092
pathxdrp,tissue_blind,4,0,v3,1.482572565473863,1.1345640420913696,0.8553528785705566,0.7988034286309017,0.7312617301940918,0.050930872559547424,0.8968285322189331,0.8449434638023376,1,2373.8162841796875,3031429,0.4368185865257888,1.1896274983791786,1.2677603239475217,1.3813234922440216,1.482572565473863,1.1485145092010498,0.5035234689712524
archive_v2_lr_too_high,random,0,0,,1.1972311739920036,0.8857309222221375,0.9035218358039856,0.8512685790809903,0.8157098293304443,0.6140707731246948,0.8820077180862427,0.8952974677085876,7,2731.9811913967133,1815414,0.16633564410264481,0.852142906127296,0.9556869095582257,1.0894702558514435,1.1972312237774125,1.183911919593811,0.3424168527126312
archive_v2_lr_too_high,random,1,0,,1.1933104759474462,0.8749410510063171,0.9036339521408081,0.8539239770078056,0.8140518665313721,0.6257882118225098,0.8792147040367126,0.9039508104324341,8,2713.710135936737,1815414,0.18748069161091904,0.8447381344041198,0.9443179802434807,1.0785991344845252,1.1933105258964283,1.0615792274475098,0.3298027217388153
