split,seed,coverage,budget,prec_naive,prec_uncertainty,delta,rel_gain
random,0,0.3,100,0.99,1.0,0.010000000000000009,0.01010101010101011
random,0,0.3,500,0.976,0.846,-0.13,-0.13319672131147542
random,0,0.3,1000,0.958,0.443,-0.5149999999999999,-0.5375782881002087
random,0,0.5,100,0.99,1.0,0.010000000000000009,0.01010101010101011
random,0,0.5,500,0.976,0.95,-0.026000000000000023,-0.026639344262295105
random,0,0.5,1000,0.958,0.615,-0.34299999999999997,-0.3580375782881002
random,0,0.7,100,0.99,1.0,0.010000000000000009,0.01010101010101011
random,0,0.7,500,0.976,0.982,0.006000000000000005,0.006147540983606563
random,0,0.7,1000,0.958,0.75,-0.20799999999999996,-0.21711899791231729
random,1,0.3,100,1.0,1.0,0.0,0.0
random,1,0.3,500,0.988,0.878,-0.10999999999999999,-0.11133603238866395
random,1,0.3,1000,0.954,0.48,-0.474,-0.4968553459119497
random,1,0.5,100,1.0,1.0,0.0,0.0
random,1,0.5,500,0.988,0.968,-0.020000000000000018,-0.020242914979757103
random,1,0.5,1000,0.954,0.638,-0.31599999999999995,-0.33123689727463307
random,1,0.7,100,1.0,1.0,0.0,0.0
random,1,0.7,500,0.988,0.98,-0.008000000000000007,-0.008097165991902841
random,1,0.7,1000,0.954,0.743,-0.21099999999999997,-0.2211740041928721
random,2,0.3,100,0.99,1.0,0.010000000000000009,0.01010101010101011
random,2,0.3,500,0.982,0.93,-0.051999999999999935,-0.05295315682281052
random,2,0.3,1000,0.952,0.525,-0.42699999999999994,-0.44852941176470584
random,2,0.5,100,0.99,1.0,0.010000000000000009,0.01010101010101011
random,2,0.5,500,0.982,0.99,0.008000000000000007,0.008146639511201637
random,2,0.5,1000,0.952,0.696,-0.256,-0.26890756302521013
random,2,0.7,100,0.99,1.0,0.010000000000000009,0.01010101010101011
random,2,0.7,500,0.982,0.99,0.008000000000000007,0.008146639511201637
random,2,0.7,1000,0.952,0.802,-0.1499999999999999,-0.15756302521008395
random,3,0.3,100,1.0,1.0,0.0,0.0
random,3,0.3,500,0.992,0.924,-0.06799999999999995,-0.06854838709677415
random,3,0.3,1000,0.953,0.526,-0.42699999999999994,-0.4480587618048268
random,3,0.5,100,1.0,1.0,0.0,0.0
random,3,0.5,500,0.992,0.968,-0.02400000000000002,-0.024193548387096794
random,3,0.5,1000,0.953,0.691,-0.262,-0.2749213011542498
random,3,0.7,100,1.0,1.0,0.0,0.0
random,3,0.7,500,0.992,0.97,-0.02200000000000002,-0.022177419354838728
random,3,0.7,1000,0.953,0.791,-0.16199999999999992,-0.16998950682056654
random,4,0.3,100,1.0,1.0,0.0,0.0
random,4,0.3,500,0.976,0.95,-0.026000000000000023,-0.026639344262295105
random,4,0.3,1000,0.945,0.598,-0.347,-0.3671957671957672
random,4,0.5,100,1.0,1.0,0.0,0.0
random,4,0.5,500,0.976,0.974,-0.0020000000000000018,-0.0020491803278688543
random,4,0.5,1000,0.945,0.739,-0.20599999999999996,-0.21798941798941796
random,4,0.7,100,1.0,1.0,0.0,0.0
random,4,0.7,500,0.976,0.972,-0.0040000000000000036,-0.004098360655737709
random,4,0.7,1000,0.945,0.82,-0.125,-0.1322751322751323
cell_blind,0,0.3,100,0.99,0.97,-0.020000000000000018,-0.02020202020202022
cell_blind,0,0.3,500,0.922,0.336,-0.5860000000000001,-0.6355748373101953
cell_blind,0,0.3,1000,0.867,0.171,-0.696,-0.8027681660899654
cell_blind,0,0.5,100,0.99,0.99,0.0,0.0
cell_blind,0,0.5,500,0.922,0.7,-0.2220000000000001,-0.2407809110629068
cell_blind,0,0.5,1000,0.867,0.363,-0.504,-0.5813148788927336
cell_blind,0,0.7,100,0.99,0.99,0.0,0.0
cell_blind,0,0.7,500,0.922,0.884,-0.038000000000000034,-0.04121475054229939
cell_blind,0,0.7,1000,0.867,0.627,-0.24,-0.27681660899653976
cell_blind,1,0.3,100,1.0,0.88,-0.12,-0.12
cell_blind,1,0.3,500,0.93,0.214,-0.7160000000000001,-0.7698924731182796
cell_blind,1,0.3,1000,0.867,0.107,-0.76,-0.8765859284890427
cell_blind,1,0.5,100,1.0,0.99,-0.010000000000000009,-0.010000000000000009
cell_blind,1,0.5,500,0.93,0.286,-0.6440000000000001,-0.69247311827957
cell_blind,1,0.5,1000,0.867,0.146,-0.721,-0.831603229527105
cell_blind,1,0.7,100,1.0,1.0,0.0,0.0
cell_blind,1,0.7,500,0.93,0.548,-0.382,-0.410752688172043
cell_blind,1,0.7,1000,0.867,0.284,-0.583,-0.6724336793540946
cell_blind,2,0.3,100,0.99,0.86,-0.13,-0.13131313131313133
cell_blind,2,0.3,500,0.936,0.198,-0.738,-0.7884615384615384
cell_blind,2,0.3,1000,0.887,0.099,-0.788,-0.8883878241262684
cell_blind,2,0.5,100,0.99,1.0,0.010000000000000009,0.01010101010101011
cell_blind,2,0.5,500,0.936,0.386,-0.55,-0.5876068376068376
cell_blind,2,0.5,1000,0.887,0.195,-0.692,-0.7801578354002254
cell_blind,2,0.7,100,0.99,0.99,0.0,0.0
cell_blind,2,0.7,500,0.936,0.668,-0.268,-0.2863247863247863
cell_blind,2,0.7,1000,0.887,0.354,-0.533,-0.6009019165727171
cell_blind,3,0.3,100,0.97,1.0,0.030000000000000027,0.03092783505154642
cell_blind,3,0.3,500,0.93,0.472,-0.4580000000000001,-0.49247311827956997
cell_blind,3,0.3,1000,0.893,0.237,-0.656,-0.734602463605823
cell_blind,3,0.5,100,0.97,0.97,0.0,0.0
cell_blind,3,0.5,500,0.93,0.832,-0.09800000000000009,-0.10537634408602159
cell_blind,3,0.5,1000,0.893,0.452,-0.441,-0.49384098544232924
cell_blind,3,0.7,100,0.97,0.96,-0.010000000000000009,-0.010309278350515474
cell_blind,3,0.7,500,0.93,0.934,0.0040000000000000036,0.004301075268817208
cell_blind,3,0.7,1000,0.893,0.696,-0.19700000000000006,-0.22060470324748047
cell_blind,4,0.3,100,1.0,0.99,-0.010000000000000009,-0.010000000000000009
cell_blind,4,0.3,500,0.92,0.336,-0.5840000000000001,-0.6347826086956522
cell_blind,4,0.3,1000,0.865,0.168,-0.697,-0.8057803468208092
cell_blind,4,0.5,100,1.0,0.99,-0.010000000000000009,-0.010000000000000009
cell_blind,4,0.5,500,0.92,0.47,-0.45000000000000007,-0.48913043478260876
cell_blind,4,0.5,1000,0.865,0.238,-0.627,-0.7248554913294798
cell_blind,4,0.7,100,1.0,0.99,-0.010000000000000009,-0.010000000000000009
cell_blind,4,0.7,500,0.92,0.818,-0.10200000000000009,-0.1108695652173914
cell_blind,4,0.7,1000,0.865,0.443,-0.422,-0.48786127167630056
drug_blind,0,0.3,100,0.91,0.56,-0.35,-0.3846153846153846
drug_blind,0,0.3,500,0.694,0.628,-0.06599999999999995,-0.09510086455331405
drug_blind,0,0.3,1000,0.583,0.348,-0.235,-0.40308747855917665
drug_blind,0,0.5,100,0.91,0.54,-0.37,-0.4065934065934066
drug_blind,0,0.5,500,0.694,0.586,-0.10799999999999998,-0.15561959654178673
drug_blind,0,0.5,1000,0.583,0.444,-0.13899999999999996,-0.23842195540308742
drug_blind,0,0.7,100,0.91,0.61,-0.30000000000000004,-0.3296703296703297
drug_blind,0,0.7,500,0.694,0.548,-0.1459999999999999,-0.21037463976945234
drug_blind,0,0.7,1000,0.583,0.466,-0.11699999999999994,-0.20068610634648362
drug_blind,1,0.3,100,0.98,0.74,-0.24,-0.24489795918367346
drug_blind,1,0.3,500,0.774,0.264,-0.51,-0.6589147286821705
drug_blind,1,0.3,1000,0.693,0.142,-0.5509999999999999,-0.7950937950937951
drug_blind,1,0.5,100,0.98,0.87,-0.10999999999999999,-0.11224489795918366
drug_blind,1,0.5,500,0.774,0.562,-0.21199999999999997,-0.27390180878552967
drug_blind,1,0.5,1000,0.693,0.341,-0.3519999999999999,-0.5079365079365079
drug_blind,1,0.7,100,0.98,0.79,-0.18999999999999995,-0.1938775510204081
drug_blind,1,0.7,500,0.774,0.654,-0.12,-0.15503875968992248
drug_blind,1,0.7,1000,0.693,0.487,-0.20599999999999996,-0.2972582972582972
drug_blind,2,0.3,100,0.8,0.8,0.0,0.0
drug_blind,2,0.3,500,0.656,0.616,-0.040000000000000036,-0.060975609756097615
drug_blind,2,0.3,1000,0.605,0.449,-0.15599999999999997,-0.2578512396694215
drug_blind,2,0.5,100,0.8,0.8,0.0,0.0
drug_blind,2,0.5,500,0.656,0.622,-0.03400000000000003,-0.05182926829268297
drug_blind,2,0.5,1000,0.605,0.513,-0.09199999999999997,-0.1520661157024793
drug_blind,2,0.7,100,0.8,0.8,0.0,0.0
drug_blind,2,0.7,500,0.656,0.652,-0.0040000000000000036,-0.0060975609756097615
drug_blind,2,0.7,1000,0.605,0.544,-0.06099999999999994,-0.10082644628099165
drug_blind,3,0.3,100,0.97,0.72,-0.25,-0.2577319587628866
drug_blind,3,0.3,500,0.754,0.43,-0.324,-0.4297082228116711
drug_blind,3,0.3,1000,0.679,0.316,-0.36300000000000004,-0.5346097201767305
drug_blind,3,0.5,100,0.97,0.72,-0.25,-0.2577319587628866
drug_blind,3,0.5,500,0.754,0.5,-0.254,-0.33687002652519893
drug_blind,3,0.5,1000,0.679,0.327,-0.35200000000000004,-0.5184094256259205
drug_blind,3,0.7,100,0.97,0.76,-0.20999999999999996,-0.21649484536082472
drug_blind,3,0.7,500,0.754,0.556,-0.19799999999999995,-0.26259946949602114
drug_blind,3,0.7,1000,0.679,0.384,-0.29500000000000004,-0.43446244477172313
drug_blind,4,0.3,100,0.93,0.83,-0.10000000000000009,-0.10752688172043019
drug_blind,4,0.3,500,0.808,0.452,-0.35600000000000004,-0.4405940594059406
drug_blind,4,0.3,1000,0.639,0.24,-0.399,-0.6244131455399061
drug_blind,4,0.5,100,0.93,0.88,-0.050000000000000044,-0.053763440860215096
drug_blind,4,0.5,500,0.808,0.478,-0.33000000000000007,-0.4084158415841585
drug_blind,4,0.5,1000,0.639,0.358,-0.281,-0.4397496087636933
drug_blind,4,0.7,100,0.93,0.9,-0.030000000000000027,-0.03225806451612906
drug_blind,4,0.7,500,0.808,0.556,-0.252,-0.3118811881188119
drug_blind,4,0.7,1000,0.639,0.418,-0.22100000000000003,-0.34585289514866985
scaffold_blind,0,0.3,100,0.61,0.01,-0.6,-0.9836065573770492
scaffold_blind,0,0.3,500,0.57,0.072,-0.49799999999999994,-0.8736842105263157
scaffold_blind,0,0.3,1000,0.425,0.071,-0.354,-0.8329411764705882
scaffold_blind,0,0.5,100,0.61,0.0,-0.61,-1.0
scaffold_blind,0,0.5,500,0.57,0.06,-0.51,-0.8947368421052633
scaffold_blind,0,0.5,1000,0.425,0.063,-0.362,-0.851764705882353
scaffold_blind,0,0.7,100,0.61,0.0,-0.61,-1.0
scaffold_blind,0,0.7,500,0.57,0.042,-0.5279999999999999,-0.9263157894736841
scaffold_blind,0,0.7,1000,0.425,0.061,-0.364,-0.8564705882352941
scaffold_blind,1,0.3,100,0.57,0.77,0.20000000000000007,0.3508771929824563
scaffold_blind,1,0.3,500,0.504,0.27,-0.23399999999999999,-0.46428571428571425
scaffold_blind,1,0.3,1000,0.458,0.173,-0.28500000000000003,-0.6222707423580787
scaffold_blind,1,0.5,100,0.57,0.7,0.13,0.2280701754385965
scaffold_blind,1,0.5,500,0.504,0.4,-0.10399999999999998,-0.2063492063492063
scaffold_blind,1,0.5,1000,0.458,0.253,-0.20500000000000002,-0.44759825327510916
scaffold_blind,1,0.7,100,0.57,0.63,0.06000000000000005,0.10526315789473695
scaffold_blind,1,0.7,500,0.504,0.48,-0.02400000000000002,-0.04761904761904766
scaffold_blind,1,0.7,1000,0.458,0.316,-0.14200000000000002,-0.31004366812227074
scaffold_blind,2,0.3,100,0.98,0.98,0.0,0.0
scaffold_blind,2,0.3,500,0.778,0.524,-0.254,-0.3264781491002571
scaffold_blind,2,0.3,1000,0.64,0.501,-0.139,-0.2171875
scaffold_blind,2,0.5,100,0.98,0.98,0.0,0.0
scaffold_blind,2,0.5,500,0.778,0.614,-0.16400000000000003,-0.21079691516709514
scaffold_blind,2,0.5,1000,0.64,0.482,-0.15800000000000003,-0.24687500000000004
scaffold_blind,2,0.7,100,0.98,0.98,0.0,0.0
scaffold_blind,2,0.7,500,0.778,0.688,-0.09000000000000008,-0.11568123393316206
scaffold_blind,2,0.7,1000,0.64,0.489,-0.15100000000000002,-0.23593750000000002
scaffold_blind,3,0.3,100,1.0,1.0,0.0,0.0
scaffold_blind,3,0.3,500,0.84,0.814,-0.026000000000000023,-0.03095238095238098
scaffold_blind,3,0.3,1000,0.646,0.444,-0.202,-0.3126934984520124
scaffold_blind,3,0.5,100,1.0,1.0,0.0,0.0
scaffold_blind,3,0.5,500,0.84,0.73,-0.10999999999999999,-0.13095238095238093
scaffold_blind,3,0.5,1000,0.646,0.568,-0.07800000000000007,-0.12074303405572766
scaffold_blind,3,0.7,100,1.0,1.0,0.0,0.0
scaffold_blind,3,0.7,500,0.84,0.748,-0.09199999999999997,-0.1095238095238095
scaffold_blind,3,0.7,1000,0.646,0.644,-0.0020000000000000018,-0.003095975232198145
scaffold_blind,4,0.3,100,0.99,0.98,-0.010000000000000009,-0.01010101010101011
scaffold_blind,4,0.3,500,0.942,0.662,-0.2799999999999999,-0.2972399150743099
scaffold_blind,4,0.3,1000,0.726,0.49,-0.236,-0.325068870523416
scaffold_blind,4,0.5,100,0.99,0.99,0.0,0.0
scaffold_blind,4,0.5,500,0.942,0.796,-0.1459999999999999,-0.15498938428874726
scaffold_blind,4,0.5,1000,0.726,0.59,-0.136,-0.18732782369146006
scaffold_blind,4,0.7,100,0.99,0.99,0.0,0.0
scaffold_blind,4,0.7,500,0.942,0.938,-0.0040000000000000036,-0.004246284501061575
scaffold_blind,4,0.7,1000,0.726,0.646,-0.07999999999999996,-0.11019283746556469
tissue_blind,0,0.3,100,0.98,0.16,-0.82,-0.836734693877551
tissue_blind,0,0.3,500,0.806,0.034,-0.772,-0.9578163771712158
tissue_blind,0,0.3,1000,0.537,0.017,-0.52,-0.9683426443202979
tissue_blind,0,0.5,100,0.98,0.22,-0.76,-0.7755102040816326
tissue_blind,0,0.5,500,0.806,0.05,-0.756,-0.9379652605459057
tissue_blind,0,0.5,1000,0.537,0.025,-0.512,-0.9534450651769087
tissue_blind,0,0.7,100,0.98,0.86,-0.12,-0.12244897959183673
tissue_blind,0,0.7,500,0.806,0.238,-0.5680000000000001,-0.7047146401985112
tissue_blind,0,0.7,1000,0.537,0.125,-0.41200000000000003,-0.7672253258845437
tissue_blind,1,0.3,100,0.94,0.63,-0.30999999999999994,-0.32978723404255317
tissue_blind,1,0.3,500,0.778,0.128,-0.65,-0.8354755784061697
tissue_blind,1,0.3,1000,0.526,0.064,-0.462,-0.8783269961977186
tissue_blind,1,0.5,100,0.94,0.9,-0.039999999999999925,-0.042553191489361625
tissue_blind,1,0.5,500,0.778,0.268,-0.51,-0.6555269922879178
tissue_blind,1,0.5,1000,0.526,0.137,-0.389,-0.7395437262357414
tissue_blind,1,0.7,100,0.94,0.96,0.020000000000000018,0.02127659574468087
tissue_blind,1,0.7,500,0.778,0.498,-0.28,-0.35989717223650386
tissue_blind,1,0.7,1000,0.526,0.266,-0.26,-0.49429657794676807
tissue_blind,2,0.3,100,0.9,0.61,-0.29000000000000004,-0.32222222222222224
tissue_blind,2,0.3,500,0.796,0.124,-0.672,-0.8442211055276382
tissue_blind,2,0.3,1000,0.536,0.062,-0.47400000000000003,-0.8843283582089553
tissue_blind,2,0.5,100,0.9,0.89,-0.010000000000000009,-0.01111111111111112
tissue_blind,2,0.5,500,0.796,0.252,-0.544,-0.6834170854271356
tissue_blind,2,0.5,1000,0.536,0.129,-0.40700000000000003,-0.7593283582089553
tissue_blind,2,0.7,100,0.9,0.95,0.04999999999999993,0.05555555555555548
tissue_blind,2,0.7,500,0.796,0.412,-0.38400000000000006,-0.4824120603015076
tissue_blind,2,0.7,1000,0.536,0.221,-0.31500000000000006,-0.5876865671641792
tissue_blind,3,0.3,100,0.96,0.61,-0.35,-0.3645833333333333
tissue_blind,3,0.3,500,0.816,0.13,-0.6859999999999999,-0.8406862745098039
tissue_blind,3,0.3,1000,0.542,0.065,-0.47700000000000004,-0.8800738007380073
tissue_blind,3,0.5,100,0.96,0.92,-0.039999999999999925,-0.04166666666666659
tissue_blind,3,0.5,500,0.816,0.282,-0.534,-0.6544117647058825
tissue_blind,3,0.5,1000,0.542,0.15,-0.392,-0.7232472324723247
tissue_blind,3,0.7,100,0.96,0.96,0.0,0.0
tissue_blind,3,0.7,500,0.816,0.478,-0.33799999999999997,-0.4142156862745098
tissue_blind,3,0.7,1000,0.542,0.26,-0.28200000000000003,-0.5202952029520296
tissue_blind,4,0.3,100,0.96,0.26,-0.7,-0.7291666666666666
tissue_blind,4,0.3,500,0.804,0.052,-0.752,-0.9353233830845771
tissue_blind,4,0.3,1000,0.54,0.026,-0.514,-0.9518518518518518
tissue_blind,4,0.5,100,0.96,0.73,-0.22999999999999998,-0.23958333333333331
tissue_blind,4,0.5,500,0.804,0.174,-0.6300000000000001,-0.7835820895522388
tissue_blind,4,0.5,1000,0.54,0.09,-0.45000000000000007,-0.8333333333333334
tissue_blind,4,0.7,100,0.96,0.92,-0.039999999999999925,-0.04166666666666659
tissue_blind,4,0.7,500,0.804,0.384,-0.42000000000000004,-0.5223880597014926
tissue_blind,4,0.7,1000,0.54,0.201,-0.339,-0.6277777777777778
