split,seed,method,auroc,spearman,sel_gain
random,0,evidential sigma,0.6574124433044879,0.3272465134106806,0.2646477073582588
random,0,extremeness,0.4849547390925526,-0.021104694173359338,-0.011153508082587082
random,0,drug rarity,0.5085567359923432,0.029448002975548,0.06278029321315837
random,0,cell rarity,0.5034967603182929,0.008144298003542503,-0.00905805013370431
random,0,expression distance,0.5,,0.0600033834764222
random,1,evidential sigma,0.6461897635058769,0.31409770746428595,0.2595400267613206
random,1,extremeness,0.48376366444070174,-0.0334230202203197,-0.012664074164623118
random,1,drug rarity,0.5198803601606057,0.042983854453507615,0.05541458780040265
random,1,cell rarity,0.5007606254550602,0.0074595328092524225,0.0106213301613719
random,1,expression distance,0.5,,0.05701041821072417
random,2,evidential sigma,0.6515775300907604,0.314979038014727,0.2362221417724759
random,2,extremeness,0.49442743083115276,-0.012812285601849887,0.000777056400068532
random,2,drug rarity,0.5256567440159451,0.05251444726250787,0.0658595222465348
random,2,cell rarity,0.5017063980442695,0.001961509533052644,-0.0200455339117942
random,2,expression distance,0.5,,0.05730766967316381
random,3,evidential sigma,0.6495732286555709,0.3047171161058239,0.23805058338217489
random,3,extremeness,0.4929752489812402,-0.015240373353644036,-0.008527334195019831
random,3,drug rarity,0.5162494284663369,0.0445909560784042,0.06303571857433465
random,3,cell rarity,0.5077115190494995,0.006558445212752885,-0.000418263269511554
random,3,expression distance,0.5,,0.05351218684781234
random,4,evidential sigma,0.6343235434728423,0.28587401195056805,0.21077216184163516
random,4,extremeness,0.48104342305909004,-0.027338463442795516,0.007563792008963732
random,4,drug rarity,0.5337231762600894,0.07637676120208402,0.062480002549689106
random,4,cell rarity,0.5000409749681816,-0.002592506298450029,0.0006716673022681974
random,4,expression distance,0.5,,0.062282599854056264
cell_blind,0,evidential sigma,0.6395741551530918,0.2991323069531596,0.22872207173380377
cell_blind,0,extremeness,0.4819874678049393,-0.024756909030903548,0.003934972694856542
cell_blind,0,drug rarity,0.5020298486550548,0.006270928270080993,0.005546386978637408
cell_blind,0,cell rarity,0.5,,0.0023039079674803675
cell_blind,0,expression distance,0.4832780067808513,-0.03993057970402256,-0.049146551154108264
cell_blind,1,evidential sigma,0.6331798988416029,0.27693904378328593,0.2168515247044307
cell_blind,1,extremeness,0.4773648534844464,-0.03225392353869169,-0.01991471086116081
cell_blind,1,drug rarity,0.500992431658125,0.0037177979781131965,-0.0008166628292942679
cell_blind,1,cell rarity,0.5,,0.006561981845706777
cell_blind,1,expression distance,0.4927564423842682,-0.020668536850759117,-0.024158863582168788
cell_blind,2,evidential sigma,0.6322493131967564,0.27942301124075025,0.23814093355829558
cell_blind,2,extremeness,0.4747808359490625,-0.04522685155835926,-0.02465773714129016
cell_blind,2,drug rarity,0.49874476250954347,-0.008085227114626628,-0.004725727350712194
cell_blind,2,cell rarity,0.5,,-0.0027163959676232974
cell_blind,2,expression distance,0.48028950078208815,-0.04737310659964465,-0.052042928122723264
cell_blind,3,evidential sigma,0.6461279964243365,0.3050142480350698,0.2623644809073864
cell_blind,3,extremeness,0.49247784401443223,-0.009138048980854008,0.004233793718568912
cell_blind,3,drug rarity,0.5013806685499305,0.008975749052812202,0.0007127699733251447
cell_blind,3,cell rarity,0.5,,-0.016869966439727824
cell_blind,3,expression distance,0.4803096276605173,-0.03970174596837372,-0.04453702550041516
cell_blind,4,evidential sigma,0.6357190016588078,0.2865609399192742,0.24313149644781007
cell_blind,4,extremeness,0.47940948833308417,-0.037079748382078635,-0.029339167648711362
cell_blind,4,drug rarity,0.5073984551314323,0.017190592401538182,0.013178368622659864
cell_blind,4,cell rarity,0.5,,-0.0057510211539886225
cell_blind,4,expression distance,0.487373808886038,-0.029716324351991775,-0.021503550697069773
drug_blind,0,evidential sigma,0.6244605972399913,0.26833853403888625,0.2504433489926088
drug_blind,0,extremeness,0.5434414388208828,0.1153015032451533,0.17011043020096162
drug_blind,0,drug rarity,0.5,,-0.001160468281126148
drug_blind,0,cell rarity,0.48987611243963913,-0.018232058739557435,-0.01862260787519565
drug_blind,0,expression distance,0.5,,-0.001160468281126148
drug_blind,1,evidential sigma,0.588885461945862,0.20445022929014886,0.19438829490427023
drug_blind,1,extremeness,0.5546437336024818,0.12720487537554942,0.03846526435380038
drug_blind,1,drug rarity,0.5,,-0.005746231706339255
drug_blind,1,cell rarity,0.4854311865749025,-0.024643243623913867,-0.009607641387475274
drug_blind,1,expression distance,0.5,,-0.005746231706339255
drug_blind,2,evidential sigma,0.4665785016091979,-0.051401061623913905,0.1763773200335772
drug_blind,2,extremeness,0.5767901813013558,0.19756359086203676,0.3092473426759358
drug_blind,2,drug rarity,0.5,,-0.018789169505676773
drug_blind,2,cell rarity,0.4825481672449846,-0.028890072524788778,-0.04962145577186705
drug_blind,2,expression distance,0.5,,-0.018789169505676773
drug_blind,3,evidential sigma,0.48645469052220264,0.006661065380293329,0.09023221661714886
drug_blind,3,extremeness,0.5202515456824979,0.03217664838784302,-0.04910590975289253
drug_blind,3,drug rarity,0.5,,0.01883364936911025
drug_blind,3,cell rarity,0.4759823446365688,-0.041528898574714444,-0.02411492095505774
drug_blind,3,expression distance,0.5,,0.01883364936911025
drug_blind,4,evidential sigma,0.5431061509085744,0.12529895890698312,0.17764500689204799
drug_blind,4,extremeness,0.5417136541211638,0.097271520616143,0.08359907913444908
drug_blind,4,drug rarity,0.5,,-0.01280947024349377
drug_blind,4,cell rarity,0.48497706400905666,-0.018739835659853998,-0.015277489733783955
drug_blind,4,expression distance,0.5,,-0.01280947024349377
scaffold_blind,0,evidential sigma,0.5451337752149887,0.09049686123933796,0.02446191839685663
scaffold_blind,0,extremeness,0.5369624028884878,0.08424047873667564,0.025450048833124517
scaffold_blind,0,drug rarity,0.5,,-0.002859892437655942
scaffold_blind,0,cell rarity,0.48960570195946385,-0.018253087719691773,-0.005322334348780711
scaffold_blind,0,expression distance,0.5,,-0.002859892437655942
scaffold_blind,1,evidential sigma,0.5878111362607514,0.192995552642845,0.17145732256586288
scaffold_blind,1,extremeness,0.5160162366078166,0.08210311885682697,0.19006548009402846
scaffold_blind,1,drug rarity,0.5,,-0.013663456502563509
scaffold_blind,1,cell rarity,0.5037638549368745,0.004073339241418546,-0.01716959646530647
scaffold_blind,1,expression distance,0.5,,-0.013663456502563509
scaffold_blind,2,evidential sigma,0.4661538499635165,-0.09169533288619643,-0.11765529511958683
scaffold_blind,2,extremeness,0.5373206550025089,0.08560487960361972,0.06615893196157296
scaffold_blind,2,drug rarity,0.5,,-0.01012523525102238
scaffold_blind,2,cell rarity,0.4955610842447248,-0.011679514981681415,-0.0039831193512374075
scaffold_blind,2,expression distance,0.5,,-0.01012523525102238
scaffold_blind,3,evidential sigma,0.5120593170219976,0.02909519331508377,0.02036684859160698
scaffold_blind,3,extremeness,0.49805868835637385,0.013921432919925621,0.04837683055282049
scaffold_blind,3,drug rarity,0.5,,-0.0028646335047997074
scaffold_blind,3,cell rarity,0.4920084883394311,-0.010099087656404439,-0.008337192378201852
scaffold_blind,3,expression distance,0.5,,-0.0028646335047997074
scaffold_blind,4,evidential sigma,0.5186787864538875,0.02850517341037735,0.03854631824870447
scaffold_blind,4,extremeness,0.5027177407822974,0.04161829418213266,0.05611719222135014
scaffold_blind,4,drug rarity,0.5,,0.007122343182094926
scaffold_blind,4,cell rarity,0.49528366986899713,-0.012391096237463966,-0.01296474097109268
scaffold_blind,4,expression distance,0.5,,0.007122343182094926
tissue_blind,0,evidential sigma,0.6110668902506662,0.24703632070957127,0.21351329508360295
tissue_blind,0,extremeness,0.48354905047482594,-0.016416040930692107,0.01781114313653731
tissue_blind,0,drug rarity,0.5012628647913473,-0.005237027712970118,0.007671033478027223
tissue_blind,0,cell rarity,0.5,,-0.017367690119092893
tissue_blind,0,expression distance,0.5055156496866273,0.010252525975837808,0.010576357616157384
tissue_blind,1,evidential sigma,0.6162939905613125,0.2438901995372,0.20592003191040464
tissue_blind,1,extremeness,0.4805144627732751,-0.024712418035233184,-0.009754608986241253
tissue_blind,1,drug rarity,0.49370434720922246,-0.006190041580689853,0.0036329374313948115
tissue_blind,1,cell rarity,0.5,,0.010608500058620796
tissue_blind,1,expression distance,0.49855774881476644,0.0025604826351486956,-0.0018403679005323248
tissue_blind,2,evidential sigma,0.6135404617384849,0.24922515513129745,0.1995170776936377
tissue_blind,2,extremeness,0.48509550769543947,-0.018583964406344557,0.016216615623188768
tissue_blind,2,drug rarity,0.5075479427624667,0.010557524649555566,0.015306578718785824
tissue_blind,2,cell rarity,0.5,,-0.019773546250542173
tissue_blind,2,expression distance,0.49862048172930024,0.007058540447361346,-0.0063378126249205025
tissue_blind,3,evidential sigma,0.6167734925401808,0.254802635747757,0.20870316995888538
tissue_blind,3,extremeness,0.4923327600532662,-0.017176954854142515,0.0006940951862972611
tissue_blind,3,drug rarity,0.5112915941529619,0.020967586952257096,0.028485583953539062
tissue_blind,3,cell rarity,0.5,,-0.0035641781550252993
tissue_blind,3,expression distance,0.4900083926615598,-0.013033671825963683,-0.019521657014078597
tissue_blind,4,evidential sigma,0.6291933979197787,0.2764916331295949,0.22298915001948827
tissue_blind,4,extremeness,0.48166552087761305,-0.03296736778820154,-0.000756229618636306
tissue_blind,4,drug rarity,0.516710142761167,0.030979765213429288,0.025084487457155635
tissue_blind,4,cell rarity,0.5,,-0.02031576742329988
tissue_blind,4,expression distance,0.4912812264235222,-0.019066940636938774,-0.010692313525490826
